Date,Open,High,Low,Close
2021/01/25,"32264.3","34855.6","31912.9","32245.6","48
2021/01/26,"32244.0","32918.3","30813.1","32495.3","48
2021/01/27,"32495.1","32559.4","29207.0","30393.3","48
2021/01/28,"30396.7","33809.0","29876.1","33412.2","48
2021/01/29,"33422.3","38605.3","31973.9","34223.2","48
2021/01/30,"34225.2","34890.5","32831.8","34290.9","48
2021/01/31,"34289.6","34355.2","32183.7","33105.4","48
2021/02/01,"33104.8","34682.1","32311.5","33514.8","48
2021/02/02,"33514.7","35983.7","33432.2","35486.4","48
2021/02/03,"35486.7","37698.2","35382.0","37666.3","48
2021/02/04,"37668.3","38723.9","36196.6","36969.8","48
2021/02/05,"36969.8","38328.1","36607.8","38297.2","48
2021/02/06,"38304.3","40935.6","38236.3","39250.8","48
2021/02/07,"39254.0","39688.4","37382.5","38845.4","48
2021/02/08,"38845.3","46714.3","38041.7","46388.2","48
2021/02/09,"46390.3","48183.5","45007.9","46474.4","48
2021/02/10,"46471.7","47331.5","43706.3","44809.1","48
2021/02/11,"44810.4","48636.4","43999.7","47958.3","48
2021/02/12,"47959.1","48890.1","46250.0","47387.5","48
2021/02/13,"47386.6","48154.6","46242.2","47186.6","48
2021/02/14,"47187.0","49643.9","47066.4","48631.1","48
2021/02/15,"48628.5","49000.0","45891.0","47899.6","48
2021/02/16,"47899.7","50544.9","47030.8","49137.1","48
2021/02/17,"49136.9","52596.9","48921.4","52115.9","48
2021/02/18,"52115.3","52511.9","50858.9","51553.0","48
2021/02/19,"51550.4","56284.8","50730.5","55894.5","48
2021/02/20,"55907.8","57451.8","53977.1","55893.7","48
2021/02/21,"55893.7","58304.5","55492.2","57446.1","48
2021/02/22,"57443.3","57529.4","47598.3","54101.7","48
2021/02/23,"54101.7","54151.9","44905.1","48859.6","48
2021/02/24,"48858.1","51374.0","46990.0","49699.8","48
2021/02/25,"49698.8","52038.4","46687.7","47026.7","48
2021/02/26,"47033.0","48416.0","44122.1","46290.7","48
2021/02/27,"46277.6","48301.9","45007.0","46123.8","48
2021/02/28,"46121.6","46606.8","42990.3","45204.6","48
2021/03/01,"45201.8","49781.2","45004.7","49592.9","48
2021/03/02,"49590.0","50198.9","47048.0","48451.4","48
2021/03/03,"48451.5","52595.0","48135.3","50352.0","48
2021/03/04,"50352.0","51757.2","47461.3","48319.9","48
2021/03/05,"48318.8","49428.9","46276.4","48722.0","48
2021/03/06,"48721.8","49159.2","47046.7","48847.8","48
2021/03/07,"48854.6","51419.4","48854.6","50944.0","48
2021/03/08,"50941.2","52368.8","49299.5","52367.8","48
2021/03/09,"52367.8","54886.9","51828.3","54886.4","48
2021/03/10,"54885.6","57339.5","53001.1","55837.0","48
2021/03/11,"55836.2","58100.0","54267.6","57761.9","48
2021/03/12,"57761.9","58019.9","55025.2","57195.1","48
2021/03/13,"57194.8","61722.4","56055.7","61123.1","48
2021/03/14,"61126.8","61624.9","58959.5","58965.2","48
2021/03/15,"58957.2","60550.9","54676.8","55607.1","48
2021/03/16,"55607.1","56886.8","53226.5","56876.4","48
2021/03/17,"56876.4","58932.1","54132.3","58876.7","48
2021/03/18,"58880.7","60058.9","57020.6","57604.0","48
2021/03/19,"57602.7","59419.3","56255.0","58034.6","48
2021/03/20,"58032.2","59819.7","57803.4","58081.6","48
2021/03/21,"58081.6","58584.0","55503.7","57320.6","48
2021/03/22,"57320.6","58380.8","53729.7","54051.3","48
2021/03/23,"54051.3","55796.9","52961.1","54314.1","48
2021/03/24,"54314.1","57165.7","51680.0","52252.3","48
2021/03/25,"52254.3","53187.8","50405.4","51279.1","48
2021/03/26,"51279.1","55055.0","51226.6","55024.7","48
2021/03/27,"55022.0","56563.7","53951.1","55824.8","48
2021/03/28,"55824.8","56495.4","54691.7","55737.9","48
2021/03/29,"55737.3","58357.2","54886.5","57588.4","48
2021/03/30,"57588.4","59394.2","57021.9","58752.3","48
2021/03/31,"58748.0","59784.9","56875.7","58747.3","48
2021/04/01,"58742.9","59440.5","57929.6","58686.1","48
2021/04/02,"58684.1","60051.7","58432.1","58945.7","48
2021/04/03,"58940.7","59743.5","56910.5","57051.0","48
2021/04/04,"57046.3","58448.6","56452.0","58169.9","48
2021/04/05,"58169.9","59211.9","56806.1","59088.0","48
2021/04/06,"59088.8","59425.5","57354.1","57974.9","48
2021/04/07,"57975.0","58604.1","55434.7","55914.3","48
2021/04/08,"55912.1","58107.8","55674.5","58033.3","48
2021/04/09,"58033.3","58839.7","57655.3","58053.8","48
2021/04/10,"58056.4","61126.7","57836.2","59738.3","48
2021/04/11,"59738.3","60619.6","59184.0","59939.1","48
2021/04/12,"59939.1","61208.8","59388.2","59805.2","48
2021/04/13,"59805.2","63703.6","59767.6","63542.8","48
2021/04/14,"63542.8","64848.7","61287.2","62934.5","48
2021/04/15,"62934.5","63779.1","62006.5","63185.7","48
2021/04/16,"63186.2","63541.4","60016.3","61380.8","48
2021/04/17,"61379.8","62521.0","59679.8","60021.4","48
2021/04/18,"60035.8","60376.5","52258.3","56231.2","48
2021/04/19,"56228.2","57554.0","54272.2","55654.1","48
2021/04/20,"55654.5","57059.5","53379.7","56453.4","48
2021/04/21,"56453.4","56761.7","53597.8","53767.2","48
2021/04/22,"53767.2","55416.0","50467.7","51671.6","48
2021/04/23,"51671.6","52088.0","47502.0","51128.9","48
2021/04/24,"51129.3","51178.5","48734.2","50061.2","48
2021/04/25,"50067.9","50539.3","47057.7","49076.1","48
2021/04/26,"49076.4","54359.7","48792.7","54015.3","48
2021/04/27,"54015.3","55451.9","53317.8","55030.1","48
2021/04/28,"55029.0","56425.7","53856.8","54838.1","48
2021/04/29,"54837.9","55174.0","52360.0","53538.2","48
2021/04/30,"53538.3","57950.8","53043.7","57748.8","48
2021/05/01,"57746.6","58486.9","57035.8","57812.5","48
2021/05/02,"57812.5","57925.6","56065.1","56575.7","48
2021/05/03,"56574.3","58939.2","56490.1","57161.8","48
2021/05/04,"57161.8","57190.6","53102.2","53189.2","48
2021/05/05,"53189.2","57913.6","52952.0","57472.8","48
2021/05/06,"57469.3","58363.6","55279.2","56390.2","48
2021/05/07,"56388.8","58656.4","55287.8","57326.7","48
2021/05/08,"57326.6","59480.7","56938.5","58912.8","48
2021/05/09,"58912.8","59215.8","56278.0","58258.8","48
2021/05/10,"58258.8","59533.5","53708.9","55830.6","48
2021/05/11,"55827.2","56896.0","54470.4","56707.4","48
2021/05/12,"56707.4","57951.6","48620.3","49474.9","48
2021/05/13,"49468.7","51350.3","45910.4","49648.2","48
2021/05/14,"49648.2","51518.3","48860.7","49841.6","48
2021/05/15,"49847.3","50663.9","46559.1","46721.3","48
2021/05/16,"46719.7","49729.3","43816.3","46412.4","48
2021/05/17,"46412.4","46590.7","42084.3","43523.4","48
2021/05/18,"43523.4","45798.0","42265.9","42843.7","48
2021/05/19,"42843.7","43537.2","29814.0","36713.0","48
2021/05/20,"36713.0","42478.3","34972.1","40565.9","48
2021/05/21,"40566.8","42217.0","33502.1","37288.2","48
2021/05/22,"37287.8","38807.5","35218.9","37431.9","48
2021/05/23,"37431.7","38241.6","31110.5","34651.8","48
2021/05/24,"34651.8","39884.6","34432.9","38808.1","48
2021/05/25,"38807.2","39793.7","36458.8","38332.7","48
2021/05/26,"38330.4","40829.2","37798.4","39248.1","48
2021/05/27,"39247.1","40349.1","37157.9","38489.0","48
2021/05/28,"38489.0","38828.3","34681.1","35632.7","48
2021/05/29,"35632.8","37251.8","33618.3","34574.5","48
2021/05/30,"34577.2","36453.0","33402.7","35623.0","48
2021/05/31,"35623.0","37468.0","34154.0","37236.6","48
2021/06/01,"37236.6","37866.2","35687.2","36636.6","48
2021/06/02,"36635.9","38189.9","35899.6","37534.8","48
2021/06/03,"37534.8","39439.0","37159.9","39190.6","48
2021/06/04,"39192.8","39230.4","35552.6","36813.3","48
2021/06/05,"36813.1","37872.1","34812.7","35490.4","48
2021/06/06,"35489.9","36414.5","35230.4","35757.2","48
2021/06/07,"35758.2","36750.2","33319.5","33540.7","48
2021/06/08,"33540.7","34013.5","31016.3","33359.7","48
2021/06/09,"33359.6","37494.2","32382.3","37345.4","48
2021/06/10,"37345.4","38376.1","35788.6","36639.1","48
2021/06/11,"36638.1","37616.1","35946.7","37280.8","48
2021/06/12,"37283.5","37402.7","34632.0","35498.3","48
2021/06/13,"35498.3","39323.5","34755.4","38982.3","48
2021/06/14,"38977.3","40984.4","38716.6","40484.4","48
2021/06/15,"40484.5","41264.0","39536.2","40118.9","48
2021/06/16,"40118.9","40444.4","38079.2","38302.9","48
2021/06/17,"38302.9","39507.1","37357.0","38046.9","48
2021/06/18,"38046.9","38158.2","35119.3","35770.5","48
2021/06/19,"35775.9","36395.9","34833.1","35447.9","48
2021/06/20,"35447.9","36071.3","33327.8","35558.5","48
2021/06/21,"35558.3","35699.9","31232.3","31588.4","48
2021/06/22,"31588.2","33265.0","28795.9","32486.0","48
2021/06/23,"32486.0","34785.8","31690.0","33642.4","48
2021/06/24,"33642.4","35243.3","32301.7","34620.3","48
2021/06/25,"34620.3","35460.3","31252.0","31545.7","48
2021/06/26,"31541.8","32636.9","30125.4","32236.7","48
2021/06/27,"32236.0","34692.9","31967.4","34657.4","48
2021/06/28,"34659.6","35252.9","33849.8","34448.8","48
2021/06/29,"34450.2","36562.7","34198.0","35871.6","48
2021/06/30,"35870.6","36053.1","34019.0","35012.2","48
2021/07/01,"35012.3","35023.7","32706.1","33482.6","48
2021/07/02,"33482.6","33924.6","32677.2","33753.0","48
2021/07/03,"33753.8","34881.9","33300.9","34636.4","48
2021/07/04,"34634.8","35902.9","34342.5","35249.5","48
2021/07/05,"35250.7","35250.7","33112.8","33653.4","48
2021/07/06,"33653.5","35059.0","33512.0","34186.5","48
2021/07/07,"34185.1","35010.5","33769.9","33835.9","48
2021/07/08,"33836.4","33894.9","32069.9","32839.3","48
2021/07/09,"32838.4","34038.1","32236.6","33775.2","48
2021/07/10,"33775.9","34215.9","32998.5","33467.4","48
2021/07/11,"33467.3","34560.4","33285.1","34210.9","48
2021/07/12,"34211.3","34621.5","32626.2","33060.7","48
2021/07/13,"33060.7","33292.2","32163.5","32690.0","48
2021/07/14,"32690.2","33062.1","31560.7","32780.1","48
2021/07/15,"32779.4","33142.3","31107.1","31827.4","48
2021/07/16,"31827.5","32210.0","31001.8","31345.6","48
2021/07/17,"31348.7","31892.9","31134.3","31478.1","48
2021/07/18,"31482.9","32386.1","31086.9","31743.0","48
2021/07/19,"31744.2","31849.0","30420.1","30797.1","48
2021/07/20,"30797.5","31016.4","29267.8","29752.4","48
2021/07/21,"29753.0","32769.3","29461.8","32098.2","48
2021/07/22,"32101.8","32556.4","31688.8","32255.2","48
2021/07/23,"32255.4","33590.9","31969.8","33590.9","48
2021/07/24,"33592.9","34468.1","33383.8","34232.6","48
2021/07/25,"34235.2","35389.1","33841.5","35373.7","48
2021/07/26,"35373.7","40490.9","35209.2","37205.5","48
2021/07/27,"37205.5","39486.6","36365.4","39442.2","48
2021/07/28,"39442.2","40851.0","38772.7","39985.1","48
2021/07/29,"39982.8","40594.7","39248.8","39991.4","48
2021/07/30,"39991.4","42255.7","38307.5","42180.9","48
2021/07/31,"42183.1","42316.8","41027.0","41415.4","48
2021/08/01,"41415.9","42550.0","39420.4","39825.4","48
2021/08/02,"39825.4","40437.1","38654.5","39111.2","48
2021/08/03,"39112.1","39738.4","37609.9","38155.9","48
2021/08/04,"38155.8","39917.1","37490.3","39692.3","48
2021/08/05,"39692.3","41332.6","37307.0","40844.4","48
2021/08/06,"40844.9","43310.2","39859.9","42821.5","45
2021/08/07,"42820.9","44689.8","42501.1","44571.4","48
2021/08/08,"44580.8","45296.1","43266.2","43782.3","48
2021/08/09,"43781.8","46440.7","42791.3","46235.2","48
2021/08/10,"46231.3","46663.3","44618.9","45550.3","48
2021/08/11,"45552.1","46721.3","45314.9","45506.9","48
2021/08/12,"45507.5","46178.8","43764.6","44368.3","48
2021/08/13,"44369.2","47821.8","44212.0","47780.9","48
2021/08/14,"47782.2","48113.1","46037.6","47061.7","48
2021/08/15,"47061.7","47329.6","45496.0","46968.5","48
2021/08/16,"46968.5","48006.7","45638.6","45873.6","48
2021/08/17,"45873.2","47120.1","44389.9","44637.9","48
2021/08/18,"44634.7","45977.4","44183.8","44672.1","48
2021/08/19,"44671.9","46999.9","43917.6","46722.1","48
2021/08/20,"46722.7","49329.3","46606.7","49297.6","48
2021/08/21,"49299.7","49750.8","48257.1","48824.3","48
2021/08/22,"48821.9","49468.8","48060.6","49243.2","48
2021/08/23,"49243.2","50457.1","49008.3","49477.8","48
2021/08/24,"49477.8","49823.0","47562.2","47638.7","48
2021/08/25,"47637.3","49207.9","47097.0","48934.1","48
2021/08/26,"48933.9","49312.0","46289.5","46802.1","48
2021/08/27,"46804.1","49121.7","46322.6","49040.5","48
2021/08/28,"49041.7","49265.9","48352.1","48876.7","48
2021/08/29,"48878.6","49607.2","47772.2","48752.8","48
2021/08/30,"48752.8","48853.0","46824.8","46937.9","48
2021/08/31,"46938.6","48209.9","46658.6","47079.0","48
2021/09/01,"47078.8","49074.9","46499.7","48791.7","48
2021/09/02,"48790.1","50331.8","48582.7","49233.4","48
2021/09/03,"49233.1","50977.2","48320.0","49973.8","48
2021/09/04,"49972.1","50502.2","49380.4","49892.4","48
2021/09/05,"49892.4","51846.0","49462.8","51749.6","48
2021/09/06,"51749.6","52733.4","50976.3","52644.0","48
2021/09/07,"52643.9","52883.9","42952.7","46810.9","48
2021/09/08,"46808.5","47290.6","44412.9","46009.5","48
2021/09/09,"46009.4","47347.6","45500.2","46350.5","48
2021/09/10,"46349.8","46989.3","44123.4","44802.8","48
2021/09/11,"44802.8","45942.7","44688.2","45117.4","48
2021/09/12,"45118.8","46405.6","44715.2","46000.7","48
2021/09/13,"46000.7","46799.8","43394.9","44885.3","48
2021/09/14,"44886.5","47193.6","44630.6","47064.4","48
2021/09/15,"47064.4","48393.8","46654.1","48077.2","48
2021/09/16,"48076.7","48433.7","46973.0","47705.0","48
2021/09/17,"47705.0","48104.1","46706.5","47245.9","48
2021/09/18,"47246.3","48752.2","47015.5","48257.5","48
2021/09/19,"48257.2","48328.0","46793.6","47188.6","48
2021/09/20,"47189.4","47283.2","42500.0","42957.4","48
2021/09/21,"42956.4","43573.0","39559.4","40660.1","48
2021/09/22,"40664.8","43953.2","40530.8","43509.6","48
2021/09/23,"43511.1","44930.2","43034.8","44826.2","48
2021/09/24,"44826.2","45088.9","40705.5","42793.2","48
2021/09/25,"42795.2","42936.9","41657.4","42659.2","48
2021/09/26,"42658.9","43874.0","40765.1","43140.0","48
2021/09/27,"43135.2","44300.8","42059.4","42112.3","48
2021/09/28,"42111.6","42709.1","40838.4","40965.5","48
2021/09/29,"40966.1","42534.3","40722.8","41470.1","48
2021/09/30,"41470.1","44048.7","41359.7","43757.0","48
2021/10/01,"43757.4","48409.2","43232.5","48096.6","48
2021/10/02,"48100.0","48275.8","47402.5","47598.9","48
2021/10/03,"47597.7","49145.1","47080.1","48167.9","48
2021/10/04,"48167.9","49429.6","46872.4","49183.8","48
2021/10/05,"49183.8","51836.0","49015.6","51428.5","48
2021/10/06,"51428.5","55691.8","50362.5","55273.1","48
2021/10/07,"55274.0","55284.0","53353.5","53736.6","48
2021/10/08,"53736.6","56031.7","53590.8","53884.4","48
2021/10/09,"53887.5","55403.8","53639.9","54901.7","48
2021/10/10,"54901.5","56421.9","54100.6","54637.1","48
2021/10/11,"54636.8","57763.2","54393.5","57422.6","48
2021/10/12,"57422.4","57594.2","53916.6","55944.8","48
2021/10/13,"55944.8","57709.0","54216.7","57309.1","48
2021/10/14,"57309.5","58452.4","56792.4","57293.0","48
2021/10/15,"57290.4","62799.6","56821.0","61592.1","48
2021/10/16,"61592.1","62262.8","60099.7","60812.9","48
2021/10/17,"60812.9","61633.3","58938.5","61467.2","48
2021/10/18,"61464.9","62619.6","59837.4","61979.0","48
2021/10/19,"61978.5","64412.0","61398.8","64228.2","48
2021/10/20,"64223.2","66923.5","63474.2","65955.3","48
2021/10/21,"65955.6","66586.0","62033.8","62142.1","48
2021/10/22,"62141.8","63671.8","59960.4","60622.5","48
2021/10/23,"60622.4","61662.1","59640.8","61244.2","48
2021/10/24,"61244.2","61428.4","59473.4","60787.9","48
2021/10/25,"60789.1","63644.1","60592.6","63021.0","48
2021/10/26,"63021.0","63221.7","59812.1","60260.5","48
2021/10/27,"60260.5","61419.8","58048.5","58390.2","48
2021/10/28,"58390.2","62398.9","57836.5","60534.8","48
2021/10/29,"60534.8","62901.8","60139.0","62191.8","48
2021/10/30,"62194.3","62297.4","60714.8","61823.8","48
2021/10/31,"61823.8","62351.9","59965.6","61279.8","48
2021/11/01,"61280.4","62422.8","59500.0","60881.9","48
2021/11/02,"60881.9","64231.4","60610.7","63186.0","48
2021/11/03,"63186.1","63493.0","60224.3","62872.3","48
2021/11/04,"62872.3","63049.6","60668.9","61386.1","48
2021/11/05,"61386.1","62562.4","60721.1","60953.6","48
2021/11/06,"60946.5","61524.9","60049.4","61469.8","48
2021/11/07,"61471.4","63248.3","61336.7","63248.3","48
2021/11/08,"63248.3","67725.3","63248.3","67493.2","48
2021/11/09,"67494.3","68480.3","66222.2","66881.1","48
2021/11/10,"66880.6","68932.7","62885.6","64855.3","48
2021/11/11,"64854.0","65534.1","64075.9","64752.2","48
2021/11/12,"64750.3","65406.7","62247.6","64085.5","48
2021/11/13,"64084.8","64896.2","63338.1","64340.6","48
2021/11/14,"64340.6","65446.3","63561.3","65440.2","48
2021/11/15,"65440.8","66297.1","63363.8","63560.6","48
2021/11/16,"63560.6","63565.0","58612.1","60043.6","48
2021/11/17,"60043.6","60765.8","58379.1","60299.2","48
2021/11/18,"60297.0","60911.4","56464.3","56866.4","48
2021/11/19,"56866.4","58342.2","55587.9","58055.6","48
2021/11/20,"58055.1","59816.4","57369.5","59690.9","48
2021/11/21,"59690.9","59991.2","58492.0","58650.6","48
2021/11/22,"58650.5","59414.0","55600.4","56225.0","48
2021/11/23,"56224.4","57818.7","55351.2","57513.6","48
2021/11/24,"57513.6","57677.3","55847.5","57104.6","48
2021/11/25,"57104.6","59381.5","56990.3","58930.9","48
2021/11/26,"58929.9","59131.7","53486.9","53721.9","48
2021/11/27,"53713.0","55244.6","53590.6","54703.0","48
2021/11/28,"54700.3","57427.0","53368.4","57262.3","48
2021/11/29,"57262.3","58866.2","56684.8","57773.8","48
2021/11/30,"57775.4","59177.2","55871.8","56925.8","48
2021/12/01,"56927.3","59046.0","56432.5","57167.7","48
2021/12/02,"57167.0","57356.3","55793.0","56463.8","48
2021/12/03,"56463.7","57597.3","51717.8","53610.9","48
2021/12/04,"53603.7","53808.6","42387.4","49181.7","48
2021/12/05,"49183.0","49690.3","47780.6","49398.1","48
2021/12/06,"49412.2","50959.0","47183.2","50462.6","48
2021/12/07,"50462.6","51922.9","50013.3","50567.1","48
2021/12/08,"50567.1","51185.8","48624.6","50457.4","48
2021/12/09,"50457.4","50772.9","47280.2","47524.8","48
2021/12/10,"47524.8","50047.2","46859.5","47117.4","48
2021/12/11,"47109.6","49437.9","46735.1","49326.5","48
2021/12/12,"49326.5","50729.0","48618.9","50031.7","48
2021/12/13,"50041.3","50152.4","45745.8","46667.6","48
2021/12/14,"46669.0","48612.5","46258.0","48316.8","48
2021/12/15,"48315.7","49439.8","46528.0","48830.2","48
2021/12/16,"48831.7","49392.1","47488.3","47589.1","48
2021/12/17,"47581.7","47956.3","45438.9","46100.2","48
2021/12/18,"46101.5","47297.9","45469.7","46797.1","48
2021/12/19,"46799.0","48244.8","46399.2","46637.0","48
2021/12/20,"46637.2","47458.4","45520.6","46856.7","48
2021/12/21,"46855.2","49279.2","46610.0","48857.7","48
2021/12/22,"48858.2","49519.9","48404.5","48600.0","48
2021/12/23,"48600.0","51332.6","48010.9","50773.4","48
2021/12/24,"50773.9","51791.6","50392.4","50774.3","48
2021/12/25,"50774.8","51089.0","50145.3","50680.0","46
2021/12/26,"50495.7","51217.3","49436.1","50738.2","44
2021/12/27,"50738.2","52012.8","50420.2","50654.2","48
2021/12/28,"50654.0","50654.0","47272.2","47496.2","48
2021/12/29,"47498.9","48089.5","46057.7","46412.3","48
2021/12/30,"46412.3","47848.0","45937.6","47067.6","48
2021/12/31,"47067.7","48512.0","46779.2","47429.4","34
2022/01/01,"46974.0","47875.5","46806.1","47385.1","18
2022/01/02,"46988.8","47423.4","46988.1","47247.1","4
2022/01/03,"47247.1","47518.8","45700.0","46392.4","48
2022/01/04,"46392.8","47482.0","45503.3","45776.1","48
2022/01/05,"45779.0","47000.7","42440.9","43381.4","48
2022/01/06,"43390.8","43722.2","42393.4","43039.0","48
2022/01/07,"43038.9","43078.2","40620.1","41487.5","48
2022/01/08,"41489.2","42248.7","40550.5","41629.8","48
2022/01/09,"41632.1","42724.8","41250.5","41815.0","48
2022/01/10,"41808.9","42188.6","39604.1","41770.7","48
2022/01/11,"41771.8","43054.1","41230.5","42682.7","48
2022/01/12,"42682.1","44252.6","42424.2","43862.7","48
2022/01/13,"43858.9","44382.0","42276.8","42517.9","48
2022/01/14,"42517.2","43394.5","41731.7","43025.2","48
2022/01/15,"43025.6","43755.8","42700.1","43441.9","21
2022/01/16,"42939.3","43423.0","42560.1","43030.6","24
2022/01/17,"43030.5","43140.6","41505.9","42166.2","48
2022/01/18,"42165.2","42617.1","41246.8","42319.2","48
2022/01/19,"42317.2","42517.4","41106.5","41624.7","48
2022/01/20,"41624.4","43451.7","40547.2","40674.9","48
2022/01/21,"40650.6","41055.3","35437.0","36436.9","48
2022/01/22,"36436.9","36770.9","33982.9","35035.9","48
2022/01/23,"35035.9","36488.9","34598.8","36241.9","48
2022/01/24,"36209.5","37490.7","32925.6","36635.9","48
2022/01/25,"36628.3","37551.2","35668.0","36926.9","48
2022/01/26,"36916.2","38858.2","36206.1","36853.0","48
2022/01/27,"36853.0","37178.9","35486.6","37132.9","48
2022/01/28,"37132.9","37943.7","36120.1","37693.9","48
2022/01/29,"37679.9","38677.7","37292.9","38126.1","34
2022/01/30,"38128.9","38319.1","37334.9","37874.9","48
2022/01/31,"37857.7","38687.2","36642.0","38449.2","48
2022/02/01,"38449.7","39215.3","38035.6","38666.9","48
2022/02/02,"38666.7","38822.5","36582.0","36875.8","48
2022/02/03,"36875.8","37302.3","36218.9","37265.5","48
2022/02/04,"37265.1","41692.6","36996.6","41554.3","48
2022/02/05,"41548.7","41905.0","40917.9","41387.9","48
2022/02/06,"41370.9","42654.9","41135.7","42363.2","38
2022/02/07,"42363.1","44455.7","41631.6","43809.8","48
2022/02/08,"43809.8","45430.9","42658.2","44020.5","48
2022/02/09,"44020.5","44779.9","43128.8","44377.5","48
2022/02/10,"44377.5","45791.3","43166.3","43475.9","48
2022/02/11,"43462.7","43962.3","41997.9","42404.5","48
2022/02/12,"42404.5","43063.0","41746.9","42282.7","21
2022/02/13,"42282.7","42560.3","41854.9","42123.4","22
2022/02/14,"42123.4","42893.2","41510.4","42502.9","48
2022/02/15,"42494.6","44714.4","42397.7","44518.5","48
2022/02/16,"44518.5","44529.2","43336.0","43840.2","48
2022/02/17,"43840.2","44133.0","40039.0","40507.9","48
2022/02/18,"40507.9","40991.7","39423.8","39794.4","45
2022/02/19,"40330.2","40436.1","39884.2","40071.5","7
2022/02/20,"40136.9","40179.9","38009.9","38348.9","17
2022/02/21,"38347.5","39437.4","36769.9","37014.5","48
2022/02/22,"37014.5","38390.0","36318.9","38228.9","48
2022/02/23,"38197.9","39280.0","37044.9","37294.1","48
2022/02/24,"37294.1","39640.1","34299.6","38314.9","48
2022/02/25,"38300.1","39718.0","37986.4","38930.9","45
2022/02/26,"39177.7","40235.0","38651.7","39360.5","11
2022/02/27,"38514.2","39821.0","37327.9","37723.9","9
2022/02/28,"37723.9","44125.0","37426.6","43143.5","48
2022/03/01,"43144.9","44986.0","42823.1","44381.2","48
2022/03/02,"44381.7","45250.4","43306.1","43964.9","48
2022/03/03,"43964.9","44133.1","41793.5","42427.9","48
2022/03/04,"42415.1","42476.5","38819.9","39089.9","47
2022/03/05,"38947.9","39506.9","38746.6","39311.6","25
2022/03/06,"39353.5","39562.6","38089.4","38375.0","24
2022/03/07,"38375.0","39562.7","37118.8","37978.9","48
2022/03/08,"37958.4","39317.9","37837.3","38700.9","48
2022/03/09,"38690.4","42587.3","38616.8","41902.2","48
2022/03/10,"41903.8","41996.0","38555.8","39388.9","48
2022/03/11,"39386.7","40204.5","38190.1","38861.9","46
2022/03/12,"38674.9","39401.7","38613.9","39110.0","40
2022/03/13,"38858.9","39253.9","37547.9","37731.4","45
2022/03/14,"37730.9","39856.2","37527.5","39647.9","48
2022/03/15,"39647.9","39861.2","38188.5","39250.9","48
2022/03/16,"39247.0","41642.5","38876.7","41073.9","48
2022/03/17,"41067.8","41418.3","40500.0","40885.3","48
2022/03/18,"40883.4","42346.9","40144.0","41727.0","43
2022/03/19,"41831.8","41914.7","41569.8","41756.8","10
2022/03/20,"41244.4","41439.0","41061.8","41219.1","6
2022/03/21,"41215.9","41504.5","40480.6","40986.3","48
2022/03/22,"40986.3","43269.6","40902.5","42317.3","48
2022/03/23,"42317.6","42961.6","41724.3","42847.8","48
2022/03/24,"42848.4","44265.5","42595.8","43950.3","48
2022/03/25,"43949.9","45115.8","43560.0","44298.8","43
2022/03/26,"44475.9","44557.9","44177.5","44289.0","3
2022/03/27,"44602.1","46961.7","44391.1","46872.2","17
2022/03/28,"46805.8","48229.2","46626.7","47082.3","48
2022/03/29,"47070.0","48130.0","46947.4","47393.8","48
2022/03/30,"47393.6","47734.8","46540.7","47012.9","48
2022/03/31,"47012.9","47644.7","45274.4","45478.4","48
2022/04/01,"45476.4","46659.9","44195.7","46237.4","47
2022/04/02,"46237.4","47154.3","45601.1","45825.0","48
2022/04/03,"45825.0","47452.2","45515.7","46364.4","40
2022/04/04,"46364.4","46834.1","45108.9","46547.2","48
2022/04/05,"46544.3","47213.3","45365.8","45449.0","48
2022/04/06,"45449.1","45465.4","43094.4","43138.5","48
2022/04/07,"43138.8","43931.8","42718.6","43409.5","48
2022/04/08,"43401.7","43996.7","42051.6","42255.4","47
2022/04/09,"42255.4","42760.4","42108.1","42723.5","48
2022/04/10,"42724.6","43452.7","41864.6","42113.5","48
2022/04/11,"42115.6","42383.3","39244.0","39483.2","48
2022/04/12,"39483.1","40659.1","39258.1","40038.6","48
2022/04/13,"40048.9","41544.1","39547.0","41102.4","48
2022/04/14,"41105.5","41450.7","39534.6","39889.0","48
2022/04/15,"39883.6","40795.1","39724.8","40489.6","48
2022/04/16,"40497.7","40641.9","39970.5","40340.9","48
2022/04/17,"40345.6","40551.5","39518.5","39644.0","48
2022/04/18,"39645.9","41023.2","38515.3","40760.3","48
2022/04/19,"40760.5","41697.9","40539.9","41447.8","48
2022/04/20,"41446.8","42153.2","40872.0","41323.5","48
2022/04/21,"41318.2","42990.3","39760.8","40522.4","48
2022/04/22,"40522.4","40739.3","39147.1","39647.2","48
2022/04/23,"39647.2","39929.7","39231.2","39400.8","48
2022/04/24,"39400.6","39895.9","38993.5","39458.1","48
2022/04/25,"39458.1","40542.1","38177.4","40393.4","48
2022/04/26,"40392.1","40741.9","37693.9","38071.8","48
2022/04/27,"38072.0","39418.3","37847.0","39206.0","48
2022/04/28,"39204.1","40406.9","38847.8","39702.8","48
2022/04/29,"39702.3","39878.5","38140.9","38528.1","48
2022/04/30,"38527.9","38796.2","37568.3","37597.0","48
2022/05/01,"37598.9","38617.6","37380.0","38433.7","48
2022/05/02,"38432.8","39121.4","38081.2","38474.3","48
2022/05/03,"38474.1","38679.4","37487.6","37689.4","48
2022/05/04,"37683.2","39969.4","37629.4","39644.6","48
2022/05/05,"39644.6","39783.8","35548.8","36507.6","48
2022/05/06,"36504.1","36621.5","35247.6","35934.9","48
2022/05/07,"35936.6","36061.2","34800.8","35432.4","48
2022/05/08,"35432.4","35463.9","33710.6","33997.8","48
2022/05/09,"33998.2","34195.9","29990.9","30039.5","48
2022/05/10,"30046.5","32607.4","29777.0","30970.1","48
2022/05/11,"30969.9","32111.3","27660.8","28931.4","48
2022/05/12,"28931.4","30112.9","25340.4","28894.8","48
2022/05/13,"28895.0","30926.5","28638.5","29167.2","48
2022/05/14,"29167.1","30222.6","28512.2","29980.8","48
2022/05/15,"29980.7","31379.6","29380.8","31246.1","48
2022/05/16,"31245.0","31245.5","29039.7","29780.8","48
2022/05/17,"29783.9","30740.8","29380.1","30366.6","48
2022/05/18,"30366.5","30625.8","28561.7","28625.0","48
2022/05/19,"28625.3","30453.9","28608.1","30239.5","48
2022/05/20,"30239.7","30678.8","28651.8","29090.7","48
2022/05/21,"29090.7","29549.2","28850.0","29363.4","48
2022/05/22,"29363.5","30406.2","29177.0","30217.3","48
2022/05/23,"30215.9","30664.8","28792.7","29017.3","48
2022/05/24,"29016.0","29753.0","28586.9","29570.8","48
2022/05/25,"29570.8","30120.8","29257.0","29450.3","48
2022/05/26,"29450.3","29786.0","27946.6","29115.0","48
2022/05/27,"29113.8","29364.6","28192.4","28535.3","48
2022/05/28,"28535.2","29174.5","28435.0","28945.1","48
2022/05/29,"28947.7","29491.6","28752.9","29390.7","48
2022/05/30,"29390.7","32125.5","29217.6","31654.8","48
2022/05/31,"31655.5","32417.9","31153.7","31719.0","48
2022/06/01,"31719.0","31906.8","29254.3","29728.0","48
2022/06/02,"29725.9","30597.0","29516.6","30370.0","48
2022/06/03,"30369.8","30608.7","29264.7","29605.8","48
2022/06/04,"29607.7","29995.2","29454.0","29778.1","48
2022/06/05,"29778.1","30111.3","29454.0","29840.8","48
2022/06/06,"29839.6","31672.5","29800.7","31287.6","48
2022/06/07,"31287.2","31501.5","29151.6","31064.0","48
2022/06/08,"31063.8","31260.9","29796.3","30140.6","48
2022/06/09,"30139.8","30638.9","29883.8","30039.7","48
2022/06/10,"30039.3","30290.3","28790.6","28998.1","48
2022/06/11,"28998.0","29346.1","28052.6","28348.8","48
2022/06/12,"28350.7","28470.0","26492.4","26510.0","48
2022/06/13,"26507.1","26803.8","21883.2","22414.2","48
2022/06/14,"22414.4","23234.8","20781.1","22072.4","48
2022/06/15,"22072.1","22719.9","20037.2","22518.9","48
2022/06/16,"22503.0","22914.1","20163.6","20330.2","48
2022/06/17,"20329.0","21286.9","20183.8","20382.8","48
2022/06/18,"20383.5","20685.0","17520.0","18915.3","48
2022/06/19,"18914.2","20738.6","17902.0","20512.8","48
2022/06/20,"20511.3","20996.4","19582.4","20516.6","48
2022/06/21,"20518.5","21654.5","20301.1","20661.5","48
2022/06/22,"20661.3","20824.6","19717.8","19926.8","48
2022/06/23,"19926.0","21158.8","19834.8","21052.5","48
2022/06/24,"21052.6","21473.3","20686.4","21158.5","48
2022/06/25,"21158.6","21545.4","20863.7","21439.6","48
2022/06/26,"21440.2","21823.3","20901.5","20996.2","48
2022/06/27,"20994.2","21469.0","20471.8","20685.6","48
2022/06/28,"20686.0","21155.7","20145.7","20221.2","48
2022/06/29,"20221.8","20368.8","19805.1","20063.4","48
2022/06/30,"20063.6","20110.2","18590.5","19920.6","48
2022/07/01,"19908.1","20830.3","18917.0","19182.3","48
2022/07/02,"19187.6","19357.0","18897.3","19191.5","48
2022/07/03,"19190.4","19588.0","18737.8","19259.0","48
2022/07/04,"19258.4","20283.6","18999.8","20176.5","48
2022/07/05,"20176.2","20687.4","19250.5","20127.4","48
2022/07/06,"20126.2","20616.7","19715.1","20506.4","48
2022/07/07,"20506.3","21791.7","20214.5","21574.2","48
2022/07/08,"21575.0","22423.7","21146.2","21517.2","48
2022/07/09,"21517.2","21916.9","21279.4","21540.4","48
2022/07/10,"21541.0","21552.9","20618.8","20808.8","48
2022/07/11,"20810.6","20813.5","19834.3","19908.2","48
2022/07/12,"19907.9","20000.7","19194.8","19272.9","48
2022/07/13,"19272.7","20289.8","18876.8","20187.2","48
2022/07/14,"20187.2","20844.2","19586.9","20541.3","48
2022/07/15,"20540.6","21144.9","20337.4","20763.3","48
2022/07/16,"20763.3","21536.8","20412.0","21157.9","48
2022/07/17,"21156.4","21612.1","20715.5","20754.4","48
2022/07/18,"20754.3","22734.6","20725.8","22407.2","48
2022/07/19,"22406.8","23753.1","21550.3","23364.0","48
2022/07/20,"23364.0","24239.5","22891.1","23185.2","48
2022/07/21,"23182.3","23384.7","22310.2","23117.3","48
2022/07/22,"23116.7","23718.6","22474.5","22622.6","48
2022/07/23,"22622.6","22940.1","21912.0","22410.7","44
2022/07/24,"22410.9","22970.0","22230.7","22548.1","48
2022/07/25,"22545.1","22624.4","21227.6","21267.1","48
2022/07/26,"21267.2","21298.9","20691.3","21224.7","48
2022/07/27,"21224.7","23061.8","21011.7","22923.8","48
2022/07/28,"22923.7","24156.0","22555.9","23817.4","48
2022/07/29,"23817.4","24397.7","23412.9","23723.6","48
2022/07/30,"23723.6","24598.1","23483.0","23603.7","48
2022/07/31,"23603.9","24149.7","23197.1","23272.5","48
2022/08/01,"23271.0","23463.2","22828.1","23242.7","48
2022/08/02,"23242.7","23409.0","22632.1","22954.0","48
2022/08/03,"22954.8","23596.9","22662.4","22792.9","48
2022/08/04,"22792.7","23187.6","22373.1","22584.9","48
2022/08/05,"22584.6","23425.3","22557.2","23255.8","48
2022/08/06,"23255.7","23292.1","22882.6","22915.7","48
2022/08/07,"22915.5","23340.7","22812.5","23140.9","19
2022/08/08,"23141.5","24204.1","23125.0","23781.2","48
2022/08/09,"23780.0","23880.9","22849.9","23120.3","48
2022/08/10,"23120.3","24175.7","22642.9","23918.4","48
2022/08/11,"23918.6","24865.8","23831.3","23905.4","48
2022/08/12,"23905.4","24399.1","23571.7","24350.1","48
2022/08/13,"24352.1","24833.9","24264.6","24406.0","48
2022/08/14,"24405.8","24991.1","24115.0","24272.4","48
2022/08/15,"24273.7","25166.2","23747.6","24063.5","48
2022/08/16,"24063.3","24206.0","23636.3","23820.2","48
2022/08/17,"23818.6","24396.8","23153.3","23300.8","48
2022/08/18,"23301.1","23554.4","23078.2","23155.9","48
2022/08/19,"23155.8","23164.7","20723.3","20769.9","48
2022/08/20,"20773.5","21310.0","20729.0","21098.6","48
2022/08/21,"21098.7","21740.6","21032.5","21477.8","48
2022/08/22,"21477.8","21485.1","20866.9","21370.0","48
2022/08/23,"21370.0","21637.6","20864.8","21488.3","48
2022/08/24,"21489.7","21854.9","21117.9","21332.7","48
2022/08/25,"21333.1","21774.2","21275.9","21531.3","48
2022/08/26,"21531.3","21830.2","20051.8","20175.7","48
2022/08/27,"20175.7","20316.0","19785.8","19999.4","48
2022/08/28,"19999.4","20122.8","19487.6","19519.1","48
2022/08/29,"19522.2","20378.6","19511.1","20258.9","48
2022/08/30,"20258.9","20533.5","19515.8","19775.0","48
2022/08/31,"19775.5","20442.0","19769.5","20015.4","48
2022/09/01,"20015.4","20166.2","19540.1","20091.3","48
2022/09/02,"20091.4","20399.3","19723.0","19893.5","48
2022/09/03,"19893.5","19990.3","19616.4","19793.4","47
2022/09/04,"19793.4","19984.8","19550.8","19964.0","48
2022/09/05,"19964.0","20015.4","19607.8","19754.9","48
2022/09/06,"19755.1","20139.6","18639.3","18753.6","48
2022/09/07,"18753.5","19421.8","18514.8","19252.8","48
2022/09/08,"19253.3","19414.1","18990.9","19283.4","48
2022/09/09,"19283.5","21551.1","19261.5","21302.1","48
2022/09/10,"21302.1","21762.5","21092.4","21612.7","47
2022/09/11,"21613.2","21817.1","21320.2","21797.9","48
2022/09/12,"21796.0","22439.4","21514.9","22359.8","48
2022/09/13,"22360.4","22737.7","19845.6","20136.9","48
2022/09/14,"20136.9","20484.5","19590.6","20191.5","48
2022/09/15,"20190.9","20294.3","19493.2","19663.7","48
2022/09/16,"19664.1","19851.4","19300.9","19740.5","48
2022/09/17,"19742.8","20143.3","19707.7","20077.9","47
2022/09/18,"20077.8","20078.9","19314.8","19380.1","48
2022/09/19,"19380.6","19641.4","18233.0","19502.0","48
2022/09/20,"19502.0","19595.5","18711.2","18841.1","48
2022/09/21,"18837.7","19844.6","18140.0","18430.6","48
2022/09/22,"18430.6","19464.5","18334.0","19368.1","48
2022/09/23,"19368.6","19452.5","18501.2","19223.8","48
2022/09/24,"19225.5","19247.2","18777.0","18888.9","47
2022/09/25,"18888.9","19130.4","18603.7","18772.5","48
2022/09/26,"18772.5","19274.0","18653.0","19189.5","48
2022/09/27,"19189.6","20336.8","18797.2","19041.6","48
2022/09/28,"19043.6","19729.9","18452.8","19372.1","48
2022/09/29,"19372.1","19603.9","18811.4","19555.3","48
2022/09/30,"19556.7","20141.8","19138.9","19364.6","48
2022/10/01,"19364.6","19422.2","19129.0","19273.3","46
2022/10/02,"19273.3","19354.6","18893.3","19023.1","48
2022/10/03,"19023.4","19669.4","18935.2","19595.7","48
2022/10/04,"19595.7","20424.1","19465.8","20311.1","48
2022/10/05,"20311.1","20330.8","19713.1","20125.5","48
2022/10/06,"20125.5","20407.9","19832.2","19925.1","48
2022/10/07,"19925.1","20018.0","19297.3","19469.8","48
2022/10/08,"19469.8","19566.2","19216.0","19377.3","47
2022/10/09,"19377.3","19516.9","19288.6","19407.0","48
2022/10/10,"19407.0","19487.0","19013.0","19096.1","48
2022/10/11,"19096.1","19225.2","18828.0","19020.9","48
2022/10/12,"19021.1","19192.3","18941.8","19118.2","48
2022/10/13,"19117.8","19463.6","18153.0","19345.4","48
2022/10/14,"19345.4","19905.2","19013.7","19114.0","48
2022/10/15,"19115.8","19164.0","18957.5","19029.6","47
2022/10/16,"19029.7","19382.9","19026.1","19226.7","48
2022/10/17,"19226.7","19634.8","19124.6","19512.7","48
2022/10/18,"19513.3","19661.4","19067.1","19292.5","48
2022/10/19,"19292.5","19321.6","19041.1","19087.7","48
2022/10/20,"19088.8","19304.4","18895.5","19010.1","48
2022/10/21,"19010.9","19209.3","18634.8","19105.2","48
2022/10/22,"19105.7","19214.9","19051.8","19166.9","47
2022/10/23,"19168.0","19652.2","19042.5","19534.7","48
2022/10/24,"19534.9","19558.5","19133.7","19294.2","48
2022/10/25,"19294.1","20374.6","19208.2","20048.1","48
2022/10/26,"20045.5","20979.4","20024.4","20740.5","48
2022/10/27,"20740.5","20836.2","20171.4","20253.8","48
2022/10/28,"20253.9","20711.2","19984.5","20533.8","48
2022/10/29,"20534.1","21034.3","20496.7","20778.5","44
2022/10/30,"20778.4","20889.6","20459.3","20589.9","48
2022/10/31,"20589.1","20797.2","20207.9","20457.6","48
2022/11/01,"20457.6","20645.8","20297.6","20447.3","48
2022/11/02,"20447.7","20763.1","20025.2","20114.4","48
2022/11/03,"20114.4","20350.0","20008.2","20169.8","48
2022/11/04,"20169.6","21253.9","20146.3","21087.8","48
2022/11/05,"21087.8","21413.9","21021.5","21270.7","48
2022/11/06,"21270.7","21333.0","20858.7","20871.8","48
2022/11/07,"20870.5","21035.7","20362.0","20560.7","48
2022/11/08,"20560.7","20635.8","17151.1","18511.1","48
2022/11/09,"18511.1","18550.6","15541.5","15862.1","48
2022/11/10,"15860.4","18132.0","15707.4","17532.9","48
2022/11/11,"17532.9","17628.2","16322.5","16948.2","48
2022/11/12,"16951.1","17003.1","16534.2","16746.7","48
2022/11/13,"16749.6","16895.0","16206.3","16285.1","48
2022/11/14,"16285.1","17156.3","15830.0","16570.9","48
2022/11/15,"16570.9","17069.9","16483.1","16841.1","48
2022/11/16,"16841.1","16959.7","16330.6","16618.7","48
2022/11/17,"16613.6","16693.5","16368.9","16643.8","48
2022/11/18,"16644.9","16941.1","16501.3","16615.5","48
2022/11/19,"16615.4","16762.0","16471.1","16649.5","48
2022/11/20,"16649.1","16695.5","16092.9","16224.7","48
2022/11/21,"16224.7","16253.8","15440.1","15722.1","48
2022/11/22,"15722.0","16247.8","15571.6","16177.7","48
2022/11/23,"16171.5","16641.4","16114.1","16557.4","48
2022/11/24,"16557.4","16755.4","16418.4","16556.8","48
2022/11/25,"16556.8","16569.9","16310.1","16449.0","48
2022/11/26,"16450.3","16630.4","16356.9","16415.9","48
2022/11/27,"16415.9","16553.3","16366.0","16387.7","48
2022/11/28,"16387.7","16442.1","15968.4","16174.0","48
2022/11/29,"16174.0","16502.4","16063.2","16401.9","48
2022/11/30,"16402.7","17207.1","16391.9","17130.7","48
2022/12/01,"17130.7","17260.7","16834.1","16940.1","48
2022/12/02,"16940.1","17066.0","16764.4","17029.6","48
2022/12/03,"17029.1","17094.9","16834.9","16849.7","48
2022/12/04,"16849.7","17165.9","16847.6","17076.3","48
2022/12/05,"17076.3","17383.7","16841.2","16929.0","48
2022/12/06,"16929.3","17064.8","16875.7","17051.6","48
2022/12/07,"17051.7","17098.8","16654.1","16803.0","48
2022/12/08,"16802.5","17258.3","16706.0","17188.5","48
2022/12/09,"17189.0","17308.6","17039.4","17066.9","48
2022/12/10,"17067.1","17186.8","17056.0","17090.6","48
2022/12/11,"17090.6","17230.1","17028.6","17057.9","48
2022/12/12,"17055.5","17202.3","16843.8","17173.3","47
2022/12/13,"17174.2","17928.6","17051.8","17738.0","48
2022/12/14,"17737.9","18340.2","17631.4","17767.9","48
2022/12/15,"17767.5","17816.0","17250.0","17321.1","48
2022/12/16,"17321.2","17489.4","16466.5","16569.2","48
2022/12/17,"16569.1","16757.7","16521.9","16744.2","48
2022/12/18,"16744.3","16804.7","16623.7","16704.7","48
2022/12/19,"16704.9","16778.9","16240.1","16401.7","48
2022/12/20,"16400.9","17011.7","16362.3","16863.3","48
2022/12/21,"16862.7","16884.7","16698.5","16790.5","48
2022/12/22,"16790.0","16826.6","16529.1","16781.0","48
2022/12/23,"16780.8","16894.8","16695.0","16712.9","48
2022/12/24,"16712.7","16797.8","16710.9","16772.4","48
2022/12/25,"16772.6","16788.8","16660.5","16764.9","48
2022/12/26,"16787.5","16906.9","16760.8","16878.2","48
2022/12/27,"16879.1","16929.3","16557.7","16662.4","48
2022/12/28,"16662.6","16738.6","16431.2","16508.5","48
2022/12/29,"16508.5","16622.0","16451.2","16596.4","48
2022/12/30,"16595.5","16608.7","16301.9","16538.9","48
2022/12/31,"16541.8","16569.3","16464.1","16530.2","34
2023/01/01,"16474.3","16581.7","16461.0","16575.5","20
2023/01/02,"16575.4","16754.6","16510.9","16633.6","48
2023/01/03,"16633.6","16732.5","16570.9","16641.2","48
2023/01/04,"16641.2","16952.2","16617.6","16811.9","48
2023/01/05,"16812.0","16839.5","16724.8","16792.4","48
2023/01/06,"16792.4","16992.9","16648.8","16886.5","48
2023/01/07,"16886.5","16913.8","16853.0","16907.2","43
2023/01/08,"16919.1","17129.9","16887.2","17090.2","4
2023/01/09,"17090.2","17357.5","17073.2","17143.8","48
2023/01/10,"17143.8","17451.5","17113.7","17404.6","48
2023/01/11,"17405.1","17954.6","17279.8","17906.7","48
2023/01/12,"17907.1","19065.6","17873.2","18822.4","48
2023/01/13,"18822.4","19936.9","18687.1","19872.2","48
2023/01/14,"19872.2","21257.6","19829.2","20919.2","48
2023/01/15,"20919.2","21012.2","20530.4","20844.0","47
2023/01/16,"20840.9","21405.3","20595.7","21153.8","48
2023/01/17,"21153.8","21540.5","20837.2","21103.6","48
2023/01/18,"21103.6","21597.8","20374.0","20640.1","48
2023/01/19,"20640.1","21150.3","20629.1","21045.2","48
2023/01/20,"21045.2","22689.6","20838.2","22605.4","48
2023/01/21,"22605.4","23308.6","22376.8","22743.9","48
2023/01/22,"22744.1","23037.6","22274.7","22675.2","48
2023/01/23,"22674.5","23129.4","22488.9","22882.4","48
2023/01/24,"22882.1","23122.4","22438.6","22597.0","48
2023/01/25,"22596.5","23778.6","22299.3","23021.3","48
2023/01/26,"23021.7","23245.6","22827.7","22972.4","48
2023/01/27,"22972.6","23462.7","22507.8","23019.4","48
2023/01/28,"23019.4","23134.2","22854.0","22992.4","47
2023/01/29,"22992.6","23920.4","22943.4","23711.8","48
2023/01/30,"23711.8","23763.3","22479.9","22794.8","48
2023/01/31,"22795.1","23269.8","22688.0","23095.9","48
2023/02/01,"23096.4","23772.9","22744.6","23696.9","48
2023/02/02,"23697.1","24217.1","23381.9","23456.9","48
2023/02/03,"23457.0","23677.8","23185.6","23371.5","48
2023/02/04,"23371.5","23543.5","23198.2","23290.2","48
2023/02/05,"23290.2","23391.6","22729.6","22899.5","48
2023/02/06,"22899.5","23113.1","22607.0","22726.2","48
2023/02/07,"22726.2","23306.5","22714.5","23212.0","48
2023/02/08,"23212.0","23403.1","22646.2","22924.8","48
2023/02/09,"22924.9","22970.8","21665.6","21758.9","48
2023/02/10,"21759.9","21902.6","21439.7","21563.8","48
2023/02/11,"21563.8","21865.4","21540.6","21825.9","48
2023/02/12,"21825.8","22048.7","21569.9","21749.6","48
2023/02/13,"21750.2","21860.0","21342.3","21754.1","48
2023/02/14,"21754.1","22284.7","21525.7","22169.8","48
2023/02/15,"22169.8","24330.7","22016.1","24294.0","48
2023/02/16,"24294.0","25213.6","23481.0","23484.0","48
2023/02/17,"23484.0","24980.8","23314.2","24519.1","48
2023/02/18,"24519.1","24836.8","24384.5","24599.2","48
2023/02/19,"24599.3","25151.9","24168.0","24240.9","48
2023/02/20,"24240.3","25076.2","23812.9","24802.5","48
2023/02/21,"24802.5","25207.8","24126.0","24414.9","48
2023/02/22,"24414.9","24436.8","23552.8","24150.1","48
2023/02/23,"24150.7","24560.7","23582.6","23909.1","48
2023/02/24,"23909.2","24093.7","22831.3","23123.7","48
2023/02/25,"23123.7","23158.1","22746.1","23129.6","48
2023/02/26,"23129.6","23644.8","23032.0","23521.5","48
2023/02/27,"23521.5","23852.4","23086.2","23459.0","48
2023/02/28,"23459.0","23561.7","23002.9","23102.6","48
2023/03/01,"23102.9","23953.0","22994.6","23600.3","48
2023/03/02,"23600.3","23760.7","23169.3","23432.3","48
2023/03/03,"23432.6","23440.4","21961.8","22295.7","48
2023/03/04,"22295.7","22359.4","22129.8","22311.5","48
2023/03/05,"22311.5","22615.6","22174.4","22393.9","48
2023/03/06,"22393.9","22554.7","22239.6","22372.8","48
2023/03/07,"22372.8","22513.7","21911.8","22168.1","48
2023/03/08,"22168.1","22245.7","21567.2","21670.0","48
2023/03/09,"21670.0","21792.3","20028.0","20329.4","48
2023/03/10,"20329.9","20331.9","19540.5","20168.9","48
2023/03/11,"20170.7","20884.7","19829.0","20504.4","48
2023/03/12,"20504.4","22203.8","20337.6","22112.6","48
2023/03/13,"22113.4","24556.7","21850.9","24163.5","48
2023/03/14,"24165.5","26485.1","24021.1","24716.6","48
2023/03/15,"24716.6","25233.2","23890.7","24337.3","48
2023/03/16,"24336.7","25170.4","24170.9","25013.2","48
2023/03/17,"25012.3","27769.4","24909.9","27392.9","48
2023/03/18,"27393.3","27714.9","26596.3","26918.4","48
2023/03/19,"26922.2","28370.9","26854.7","28014.5","48
2023/03/20,"28014.4","28520.1","27188.4","27746.6","48
2023/03/21,"27753.6","28451.2","27362.6","28153.0","48
2023/03/22,"28153.0","28878.9","26653.7","27272.1","48
2023/03/23,"27272.1","28778.9","27139.5","28297.8","48
2023/03/24,"28302.3","28377.2","27309.6","27374.9","43
2023/03/25,"27424.7","27772.1","27158.2","27451.9","48
2023/03/26,"27452.5","28179.5","27410.6","27959.9","48
2023/03/27,"27958.2","28011.2","26486.7","27106.7","48
2023/03/28,"27106.7","27469.1","26619.5","27234.5","48
2023/03/29,"27234.8","28602.5","27224.3","28319.8","48
2023/03/30,"28319.9","29139.2","27662.4","27997.2","48
2023/03/31,"27997.2","28615.6","27481.5","28409.3","48
2023/04/01,"28410.3","28761.3","28209.1","28432.5","48
2023/04/02,"28433.1","28503.4","27843.4","28149.1","48
2023/04/03,"28149.1","28469.0","27190.2","27768.0","48
2023/04/04,"27767.9","28402.1","27633.2","28135.8","48
2023/04/05,"28134.2","28748.1","27776.1","28143.2","48
2023/04/06,"28142.5","28157.1","27684.7","28007.6","48
2023/04/07,"28007.4","28076.3","27752.9","27866.8","48
2023/04/08,"27866.0","28110.7","27817.2","27921.0","48
2023/04/09,"27920.7","28503.5","27786.0","28298.1","48
2023/04/10,"28297.9","29751.9","28138.9","29619.8","48
2023/04/11,"29619.8","30523.9","29578.1","30204.8","48
2023/04/12,"30204.8","30467.1","29645.8","29872.2","48
2023/04/13,"29873.7","30569.3","29843.1","30372.7","48
2023/04/14,"30372.7","30995.1","29970.4","30427.8","48
2023/04/15,"30427.3","30559.9","30173.5","30289.8","48
2023/04/16,"30289.8","30527.8","30116.3","30293.3","48
2023/04/17,"30293.3","30301.1","29226.7","29411.6","48
2023/04/18,"29411.7","30452.4","29089.2","30358.6","48
2023/04/19,"30358.6","30385.7","28569.1","28785.3","48
2023/04/20,"28785.3","29061.5","27968.3","28206.5","48
2023/04/21,"28205.8","28328.4","27089.5","27191.8","48
2023/04/22,"27191.8","27846.8","27074.5","27783.3","48
2023/04/23,"27783.3","27783.3","27317.0","27557.0","48
2023/04/24,"27557.0","27956.6","26950.0","27478.5","48
2023/04/25,"27477.4","28352.6","27159.0","28265.5","48
2023/04/26,"28265.1","29978.7","27212.8","28388.9","48
2023/04/27,"28389.9","29849.0","28353.4","29444.8","48
2023/04/28,"29444.8","29565.7","28877.6","29273.5","48
2023/04/29,"29274.3","29405.5","29023.5","29208.9","48
2023/04/30,"29208.9","29924.2","29068.3","29205.7","48
2023/05/01,"29206.0","29306.8","27635.6","28042.8","48
2023/05/02,"28042.8","28858.5","27849.7","28643.2","48
2023/05/03,"28643.4","29234.0","28098.6","28999.1","48
2023/05/04,"28999.1","29336.5","28653.2","28817.7","48
2023/05/05,"28818.3","29658.4","28798.6","29473.7","48
2023/05/06,"29474.9","29784.9","28667.2","28865.7","29
2023/05/07,"28865.7","29148.3","28401.6","28435.2","48
2023/05/08,"28436.1","28628.8","27255.2","27656.8","48
2023/05/09,"27656.8","27792.2","27338.4","27611.2","48
2023/05/10,"27612.1","28289.6","26787.2","27583.0","48
2023/05/11,"27584.3","27607.1","26691.7","26949.2","48
2023/05/12,"26949.2","27065.7","25793.6","26748.5","48
2023/05/13,"26748.5","26996.7","26641.8","26729.3","48
2023/05/14,"26729.3","27156.0","26548.2","26892.3","48
2023/05/15,"26894.2","27634.0","26715.9","27131.1","48
2023/05/16,"27131.2","27264.4","26829.1","27000.5","48
2023/05/17,"27000.4","27469.4","26525.5","27372.1","48
2023/05/18,"27373.2","27448.8","26329.8","26789.5","48
2023/05/19,"26789.5","27147.2","26604.2","26830.0","48
2023/05/20,"26830.0","27115.9","26777.9","27073.7","48
2023/05/21,"27073.8","27240.5","26634.2","26718.7","48
2023/05/22,"26718.7","27064.9","26507.3","26818.5","48
2023/05/23,"26818.5","27455.0","26773.5","27189.7","48
2023/05/24,"27189.7","27189.7","26048.1","26294.7","48
2023/05/25,"26294.7","26586.3","25836.6","26444.1","48
2023/05/26,"26445.2","26906.2","26304.2","26653.9","48
2023/05/27,"26653.9","26861.0","26535.2","26829.6","48
2023/05/28,"26829.6","28221.0","26747.9","28052.1","48
2023/05/29,"28052.2","28419.8","27505.7","27710.6","48
2023/05/30,"27710.6","28016.8","27528.8","27664.9","48
2023/05/31,"27664.9","27807.2","26817.3","27186.2","48
2023/06/01,"27186.8","27315.6","26584.0","26792.1","48
2023/06/02,"26792.1","27260.5","26478.9","27187.2","48
2023/06/03,"27187.5","27297.0","26901.6","27044.6","48
2023/06/04,"27044.6","27422.9","26930.8","27092.6","48
2023/06/05,"27092.6","27097.7","25365.9","25699.3","48
2023/06/06,"25699.4","27331.0","25326.7","27204.0","48
2023/06/07,"27203.9","27356.1","26094.6","26316.2","48
2023/06/08,"26315.7","26787.5","26186.7","26467.9","48
2023/06/09,"26467.9","26749.9","26251.9","26417.7","48
2023/06/10,"26417.6","26469.9","25365.7","25818.0","48
2023/06/11,"25818.2","26180.0","25613.2","25895.8","48
2023/06/12,"25895.8","26071.2","25594.2","25871.4","48
2023/06/13,"25871.6","26397.3","25688.4","25900.9","48
2023/06/14,"25904.7","26053.9","24795.2","25095.3","48
2023/06/15,"25095.3","25717.1","24766.6","25565.1","48
2023/06/16,"25562.6","26474.7","25151.0","26264.5","48
2023/06/17,"26265.0","26718.1","26100.9","26482.2","48
2023/06/18,"26482.6","26659.8","26223.8","26311.4","48
2023/06/19,"26306.2","27031.0","26230.4","26812.7","48
2023/06/20,"26816.0","28373.2","26621.4","28280.4","48
2023/06/21,"28280.4","30756.5","28242.2","29964.8","48
2023/06/22,"29963.1","30469.6","29546.5","29865.6","48
2023/06/23,"29865.6","31389.8","29781.8","30646.9","48
2023/06/24,"30648.1","30750.8","30205.2","30512.8","48
2023/06/25,"30512.8","31011.5","30261.1","30445.0","48
2023/06/26,"30446.4","30629.6","29911.7","30237.3","48
2023/06/27,"30237.8","30976.8","30201.0","30665.3","48
2023/06/28,"30666.6","30682.8","29844.2","30053.2","48
2023/06/29,"30054.8","30806.7","30018.6","30420.5","48
2023/06/30,"30420.5","31254.6","29430.2","30406.3","48
2023/07/01,"30407.1","30629.2","30257.4","30557.1","48
2023/07/02,"30557.1","30747.7","30161.4","30586.1","48
2023/07/03,"30589.3","31355.8","30538.7","31128.0","48
2023/07/04,"31128.0","31296.0","30598.5","30741.5","47
2023/07/05,"30741.5","30847.7","30174.1","30474.5","48
2023/07/06,"30474.5","31504.5","29826.7","29873.3","48
2023/07/07,"29874.3","30418.9","29688.6","30286.9","48
2023/07/08,"30288.1","30324.5","29983.8","30260.3","48
2023/07/09,"30260.4","30407.2","30032.0","30135.4","48
2023/07/10,"30138.9","31012.3","29924.4","30383.3","48
2023/07/11,"30380.8","30779.1","30282.5","30592.4","48
2023/07/12,"30592.6","30943.0","30181.8","30361.9","48
2023/07/13,"30355.0","31793.9","30233.3","31455.7","48
2023/07/14,"31455.7","31603.0","29901.0","30268.8","48
2023/07/15,"30268.8","30351.2","30192.5","30264.0","48
2023/07/16,"30267.0","30419.1","30048.7","30217.3","48
2023/07/17,"30217.3","30308.6","29643.4","30112.6","48
2023/07/18,"30114.3","30213.5","29498.1","29827.8","48
2023/07/19,"29829.9","30161.2","29742.8","29880.4","48
2023/07/20,"29880.6","30384.1","29543.7","29775.8","48
2023/07/21,"29775.4","30029.4","29695.8","29843.2","48
2023/07/22,"29844.7","29939.1","29614.4","29760.7","48
2023/07/23,"29760.7","30319.8","29717.5","30056.5","48
2023/07/24,"30056.5","30068.9","28840.7","29152.7","48
2023/07/25,"29152.7","29331.4","29027.8","29190.9","48
2023/07/26,"29190.9","29646.3","29082.6","29318.0","48
2023/07/27,"29318.0","29531.6","29062.8","29190.5","48
2023/07/28,"29190.5","29497.8","29090.7","29253.5","48
2023/07/29,"29253.5","29348.5","29194.4","29230.4","19
2023/07/30,"29285.6","29382.0","29011.9","29242.7","33
2023/07/31,"29243.3","29489.6","29084.7","29200.2","48
2023/08/01,"29200.2","29701.3","28549.3","29669.7","48
2023/08/02,"29670.7","30002.2","28892.0","29146.5","48
2023/08/03,"29146.5","29393.0","28927.7","29152.7","48
2023/08/04,"29149.9","29289.2","28775.8","29011.9","48
2023/08/05,"29012.4","29049.1","28898.5","28982.0","48
2023/08/06,"28982.2","29151.5","28899.4","29046.9","48
2023/08/07,"29046.1","29223.2","28645.6","29172.2","48
2023/08/08,"29174.0","30178.2","29088.2","29730.6","48
2023/08/09,"29730.8","30091.8","29332.5","29539.3","48
2023/08/10,"29537.9","29691.9","29291.2","29401.9","48
2023/08/11,"29393.9","29517.2","29200.5","29335.3","48
2023/08/12,"29335.6","29432.3","29284.8","29388.7","48
2023/08/13,"29380.3","29423.2","29229.5","29261.6","48
2023/08/14,"29246.8","29623.3","29061.0","29372.7","48
2023/08/15,"29372.0","29415.2","29038.4","29132.2","48
2023/08/16,"29131.7","29186.2","28659.1","28662.8","48
2023/08/17,"28663.9","28708.7","25357.2","26590.0","48
2023/08/18,"26589.2","26785.1","25622.1","25986.3","48
2023/08/19,"25986.6","26231.4","25755.3","26062.1","48
2023/08/20,"26062.1","26258.5","25948.8","26154.4","48
2023/08/21,"26154.4","26210.5","25795.8","26089.2","48
2023/08/22,"26089.6","26105.5","25339.0","26019.4","48
2023/08/23,"26020.4","26777.2","25780.8","26392.5","48
2023/08/24,"26392.6","26534.3","25841.8","26139.7","48
2023/08/25,"26139.6","26269.8","25752.7","25987.1","48
2023/08/26,"25987.7","26050.3","25920.3","25981.1","48
2023/08/27,"25981.1","26141.8","25931.8","26066.3","48
2023/08/28,"26066.3","26212.6","25840.6","26075.8","48
2023/08/29,"26077.8","28106.9","25881.7","27682.7","48
2023/08/30,"27684.4","27732.1","27027.6","27267.3","48
2023/08/31,"27267.3","27519.2","25669.6","25903.3","48
2023/09/01,"25903.6","26108.4","25301.2","25736.7","48
2023/09/02,"25738.6","25945.3","25677.8","25830.6","48
2023/09/03,"25831.8","26082.2","25768.9","25931.6","48
2023/09/04,"25932.6","26058.2","25610.2","25785.7","48
2023/09/05,"25786.9","25842.5","25539.0","25751.7","48
2023/09/06,"25749.8","26005.6","25374.9","25722.3","48
2023/09/07,"25721.6","26395.1","25573.6","26227.8","48
2023/09/08,"26229.9","26400.8","25623.4","25841.2","48
2023/09/09,"25841.0","25877.8","25726.3","25861.5","48
2023/09/10,"25861.6","25959.1","25554.8","25800.7","48
2023/09/11,"25801.0","25860.5","24889.3","25123.6","48
2023/09/12,"25124.2","26500.9","25094.5","25801.8","48
2023/09/13,"25801.8","26369.1","25737.3","26162.2","48
2023/09/14,"26191.3","26810.2","26105.0","26494.3","48
2023/09/15,"26494.3","26824.7","26188.3","26537.3","48
2023/09/16,"26537.7","26711.1","26406.6","26527.1","48
2023/09/17,"26527.3","26581.4","26342.1","26495.1","48
2023/09/18,"26495.2","27379.2","26373.7","26724.3","48
2023/09/19,"26724.3","27450.2","26637.6","27188.2","48
2023/09/20,"27188.2","27352.7","26788.3","27090.8","48
2023/09/21,"27090.8","27124.2","26338.9","26528.7","48
2023/09/22,"26528.5","26703.4","26421.5","26513.3","48
2023/09/23,"26513.2","26597.3","26448.2","26542.5","48
2023/09/24,"26542.5","26689.6","26124.4","26213.0","48
2023/09/25,"26213.0","26399.6","25960.9","26262.2","47
2023/09/26,"26262.2","26357.1","26053.1","26175.0","48
2023/09/27,"26174.5","26800.0","26063.4","26329.3","48
2023/09/28,"26329.3","27266.1","26290.3","26986.7","48
2023/09/29,"26986.4","27199.3","26651.2","26841.9","48
2023/09/30,"26841.6","27051.6","26819.8","26924.9","48
2023/10/01,"26924.8","28010.7","26905.3","27952.2","48
2023/10/02,"27952.5","28552.7","27260.5","27460.5","48
2023/10/03,"27460.7","27633.0","27142.8","27390.0","48
2023/10/04,"27390.5","27794.3","27181.8","27747.5","48
2023/10/05,"27748.1","28078.7","27321.1","27375.3","48
2023/10/06,"27374.9","28223.7","27143.2","27880.0","48
2023/10/07,"27881.2","27985.9","27797.3","27925.9","48
2023/10/08,"27926.0","28058.2","27671.5","27893.7","48
2023/10/09,"27893.2","27960.1","27240.3","27553.8","48
2023/10/10,"27553.7","27696.9","27259.4","27357.4","48
2023/10/11,"27357.0","27438.3","26499.1","26833.9","48
2023/10/12,"26833.9","26902.0","26516.0","26719.3","48
2023/10/13,"26719.9","27057.3","26638.9","26798.4","48
2023/10/14,"26800.6","26924.1","26752.8","26813.5","48
2023/10/15,"26786.6","27256.1","26766.1","27131.0","48
2023/10/16,"27131.0","29959.1","27088.7","28479.2","48
2023/10/17,"28480.1","28585.9","28055.9","28369.6","48
2023/10/18,"28369.8","28943.4","28116.6","28286.8","48
2023/10/19,"28286.7","28874.7","28100.7","28690.1","48
2023/10/20,"28690.1","30189.2","28555.7","29619.6","48
2023/10/21,"29620.6","30303.9","29411.3","29876.9","48
2023/10/22,"29877.7","30206.9","29627.8","29960.3","48
2023/10/23,"29959.0","34560.7","29853.3","33039.4","48
2023/10/24,"33037.9","35179.9","32811.5","33889.6","48
2023/10/25,"33889.6","35093.5","33661.7","34461.3","48
2023/10/26,"34460.4","34793.0","33704.0","34118.9","48
2023/10/27,"34118.9","34206.6","33366.3","33840.9","48
2023/10/28,"33840.8","34449.0","33804.7","34045.0","48
2023/10/29,"34044.7","34713.9","33903.1","34492.3","48
2023/10/30,"34492.7","34820.2","34051.9","34459.2","48
2023/10/31,"34461.9","34689.7","34018.3","34618.1","48
2023/11/01,"34618.5","35539.4","34064.9","35386.9","48
2023/11/02,"35387.2","35914.4","34288.8","34907.2","48
2023/11/03,"34907.3","34910.3","34092.5","34671.0","48
2023/11/04,"34671.0","35222.5","34541.7","35039.9","48
2023/11/05,"35041.7","35350.7","34451.5","35000.2","48
2023/11/06,"35000.2","35237.0","34713.7","35006.3","48
2023/11/07,"35007.0","35854.1","34494.8","35393.1","48
2023/11/08,"35374.2","36068.8","35067.2","35586.0","48
2023/11/09,"35586.0","37933.7","35505.8","36662.9","48
2023/11/10,"36663.3","37484.9","36289.7","37259.7","48
2023/11/11,"37259.9","37358.9","36672.7","37094.7","48
2023/11/12,"37094.7","37183.5","36696.7","37045.7","48
2023/11/13,"37045.7","37383.6","36329.5","36440.8","48
2023/11/14,"36440.8","36717.0","34789.5","35510.9","48
2023/11/15,"35510.9","37922.9","35327.8","37826.7","48
2023/11/16,"37826.7","37907.8","35478.2","36130.4","48
2023/11/17,"36130.4","36745.7","35827.4","36572.5","48
2023/11/18,"36572.5","36809.5","36151.5","36539.9","48
2023/11/19,"36540.1","37472.9","36366.9","37346.5","48
2023/11/20,"37346.5","37718.9","36684.0","37425.4","48
2023/11/21,"37425.4","37615.4","35710.7","35710.7","48
2023/11/22,"35710.7","37825.9","35608.9","37384.9","48
2023/11/23,"37385.1","37605.2","36854.5","37260.3","48
2023/11/24,"37260.5","38380.7","37222.9","37680.7","48
2023/11/25,"37683.7","37860.8","37563.6","37757.9","48
2023/11/26,"37757.9","37780.1","37122.2","37410.1","48
2023/11/27,"37410.1","37525.1","36687.4","37207.0","48
2023/11/28,"37207.3","38349.7","36836.7","37790.9","48
2023/11/29,"37790.9","38407.2","37548.3","37826.4","46
2023/11/30,"37826.4","38111.6","37469.9","37692.3","48
2023/12/01,"37692.3","38946.2","37588.5","38646.6","48
2023/12/02,"38646.6","39674.9","38596.1","39424.2","48
2023/12/03,"39423.3","40158.8","39244.4","39942.7","48
2023/12/04,"39943.7","42364.8","39943.6","41949.1","48
2023/12/05,"41949.0","44445.5","41373.7","44041.4","48
2023/12/06,"44041.6","44244.7","43331.4","43724.6","48
2023/12/07,"43724.6","44006.1","42809.9","43257.4","48
2023/12/08,"43257.4","44675.5","43051.5","44136.1","48
2023/12/09,"44139.9","44312.1","43566.1","43674.6","46
2023/12/10,"43675.5","44004.6","43547.7","43751.5","48
2023/12/11,"43751.4","43771.0","40147.2","41200.0","48
2023/12/12,"41200.0","42048.7","40630.7","41450.6","48
2023/12/13,"41450.7","43410.4","40597.2","42833.2","48
2023/12/14,"42833.2","43369.3","41497.0","42990.6","48
2023/12/15,"42990.6","43048.6","41639.1","41875.0","48
2023/12/16,"41875.0","42646.9","41579.8","42213.9","48
2023/12/17,"42213.9","42355.7","41218.7","41333.0","48
2023/12/18,"41333.0","42710.4","40493.2","42616.2","48
2023/12/19,"42616.5","43428.2","41779.7","42230.8","48
2023/12/20,"42235.7","44242.7","42167.2","43627.1","48
2023/12/21,"43627.1","44201.9","43262.3","43828.1","48
2023/12/22,"43829.0","44361.6","43380.3","43948.6","48
2023/12/23,"43948.5","43973.1","43270.2","43689.1","48
2023/12/24,"43689.1","43908.5","42565.1","42967.0","48
2023/12/25,"43387.2","43676.9","43307.0","43539.8","5
2023/12/26,"43539.8","43561.3","41612.3","42480.0","48
2023/12/27,"42480.0","43644.2","42075.6","43427.4","48
2023/12/28,"43427.4","43756.1","42252.1","42545.6","48
2023/12/29,"42545.6","43092.2","41249.3","42005.7","48
2023/12/30,"42005.7","42560.8","41495.8","42109.7","48
2023/12/31,"42109.9","42844.3","41952.8","42447.6","29
2024/01/01,"43712.4","44154.2","43426.2","44146.3","5
2024/01/02,"44146.3","45865.2","44117.6","44915.6","48
2024/01/03,"44918.4","45467.6","40833.6","42808.9","48
2024/01/04,"42809.1","44750.7","42593.7","44113.6","48
2024/01/05,"44113.6","44298.2","42731.0","44124.6","48
2024/01/06,"44122.6","44195.8","43372.1","43930.0","48
2024/01/07,"43928.7","44439.4","43554.7","43883.4","48
2024/01/08,"43889.6","47243.8","43156.7","46928.6","48
2024/01/09,"46931.0","47913.0","44860.4","46058.2","48
2024/01/10,"46058.2","47663.7","44323.5","46629.6","48
2024/01/11,"46636.0","48946.2","45575.2","46301.3","48
2024/01/12,"46301.3","46476.7","41386.9","42709.8","48
2024/01/13,"42709.8","43206.3","42362.8","42805.5","48
2024/01/14,"42805.0","43028.4","41679.2","41679.2","48
2024/01/15,"41679.2","43324.0","41662.2","42461.4","48
2024/01/16,"42461.4","43528.6","42021.8","43101.0","48
2024/01/17,"43102.5","43153.1","42152.4","42708.2","48
2024/01/18,"42722.2","42876.0","40587.2","41261.2","48
2024/01/19,"41261.2","42136.2","40233.5","41561.0","48
2024/01/20,"41562.3","41778.2","41367.4","41647.6","48
2024/01/21,"41647.6","41836.7","41467.9","41542.5","48
2024/01/22,"41542.0","41638.6","39389.9","39486.2","48
2024/01/23,"39505.7","40114.2","38480.2","39842.5","48
2024/01/24,"39846.3","40497.2","39435.5","40041.6","48
2024/01/25,"40035.7","40251.2","39504.0","39901.7","48
2024/01/26,"39899.3","42198.8","39772.5","41749.8","48
2024/01/27,"41750.1","42152.7","41360.5","42084.4","48
2024/01/28,"42085.8","42789.2","41586.7","41993.2","48
2024/01/29,"41991.2","43271.1","41772.6","43265.4","48
2024/01/30,"43265.7","43822.0","42652.9","42916.3","48
2024/01/31,"42916.3","43706.2","42249.4","42526.1","48
2024/02/01,"42520.9","43236.7","41842.2","43037.4","48
2024/02/02,"43037.4","43432.0","42508.7","43122.7","48
2024/02/03,"43122.9","43296.9","42833.7","42966.5","48
2024/02/04,"42966.5","43068.1","42188.8","42545.6","48
2024/02/05,"42545.6","43500.7","42213.2","42619.3","48
2024/02/06,"42625.7","43335.6","42491.6","43063.4","48
2024/02/07,"43063.4","44359.9","42733.9","44309.4","48
2024/02/08,"44310.6","45574.0","44298.7","45271.9","48
2024/02/09,"45271.9","48164.9","45220.0","47095.3","48
2024/02/10,"47091.9","48129.5","46838.4","47721.8","48
2024/02/11,"47720.6","48554.0","47540.2","48275.8","48
2024/02/12,"48275.0","50308.3","47685.2","49907.0","48
2024/02/13,"49907.0","50354.4","48299.2","49695.5","48
2024/02/14,"49695.5","52009.3","49216.3","51797.3","48
2024/02/15,"51797.3","52807.2","51312.2","51895.8","48
2024/02/16,"51895.3","52545.3","51575.2","52101.5","48
2024/02/17,"52105.3","52152.9","50604.4","51625.0","48
2024/02/18,"51625.3","52338.5","51152.3","52104.6","48
2024/02/19,"52104.6","52455.1","51647.8","51737.3","48
2024/02/20,"51737.3","52945.5","50728.2","52229.0","48
2024/02/21,"52228.9","52332.1","50605.2","51810.9","48
2024/02/22,"51812.2","52027.9","50890.6","51252.2","48
2024/02/23,"51252.2","51488.4","50460.5","50685.9","48
2024/02/24,"50685.9","51645.7","50520.2","51525.7","48
2024/02/25,"51525.2","51921.4","51246.9","51693.4","48
2024/02/26,"51693.5","54886.1","50876.4","54450.2","48
2024/02/27,"54450.2","57561.7","54428.9","57013.9","48
2024/02/28,"57013.9","63993.7","56670.6","62457.8","48
2024/02/29,"62457.8","63628.7","60345.3","61125.5","48
2024/03/01,"61138.2","63185.1","60753.5","62371.6","48
2024/03/02,"62374.6","62434.6","61566.3","61982.5","48
2024/03/03,"61980.9","63194.9","61323.9","63119.2","48
2024/03/04,"63121.0","68486.9","62343.6","68296.8","48
2024/03/05,"68296.9","69157.7","59111.9","63759.5","48
2024/03/06,"63759.5","67597.6","62791.9","66054.5","48
2024/03/07,"66052.8","67989.8","65538.3","66899.6","48
2024/03/08,"66827.5","69988.5","66141.1","68224.0","48
2024/03/09,"68226.8","68640.7","67978.4","68341.4","48
2024/03/10,"68341.0","69905.8","68153.6","68947.8","48
2024/03/11,"68947.8","72817.8","67046.1","72047.9","48
2024/03/12,"72055.7","72955.6","68582.9","71417.7","48
2024/03/13,"71417.7","73623.5","71289.0","73045.3","48
2024/03/14,"73042.3","73758.0","68516.6","71344.6","48
2024/03/15,"71344.6","72361.8","65563.9","69450.4","48
2024/03/16,"69449.7","69984.9","64745.8","65236.2","48
2024/03/17,"65232.5","68837.8","64496.9","68311.3","48
2024/03/18,"68316.0","68888.7","66539.2","67568.8","48
2024/03/19,"67560.7","68075.1","61493.2","61876.5","48
2024/03/20,"61876.5","68088.9","60742.3","67819.3","48
2024/03/21,"67825.8","68188.3","64501.4","65460.7","48
2024/03/22,"65458.1","66597.0","62256.7","63749.4","48
2024/03/23,"63753.8","65958.5","62948.1","63955.3","43
2024/03/24,"63952.6","67585.4","63753.0","67167.1","48
2024/03/25,"67167.6","71140.0","66359.7","69870.6","48
2024/03/26,"69854.6","71509.7","69265.4","69951.3","48
2024/03/27,"69949.7","71711.9","68347.6","69395.8","48
2024/03/28,"69392.9","71507.7","68817.2","70738.9","48
2024/03/29,"70738.0","70874.3","68985.2","69838.6","48
2024/03/30,"69838.6","70302.1","69531.9","69567.5","48
2024/03/31,"69568.5","71327.7","69538.1","71244.0","48
2024/04/01,"71241.7","71255.0","68030.0","69616.1","48
2024/04/02,"69616.1","69655.6","64542.1","65416.8","48
2024/04/03,"65414.5","66864.0","64463.2","65921.0","48
2024/04/04,"65921.0","69289.9","65038.2","68450.5","48
2024/04/05,"68455.4","68695.2","65937.7","67791.4","48
2024/04/06,"67791.4","69643.4","67500.0","68860.5","48
2024/04/07,"68860.4","70260.6","68800.9","69320.1","48
2024/04/08,"69322.6","72726.9","69022.2","71591.2","48
2024/04/09,"71590.7","71717.2","68181.2","69096.5","48
2024/04/10,"69094.6","71108.2","67452.7","70583.7","48
2024/04/11,"70583.7","71238.7","69515.7","69966.7","48
2024/04/12,"69966.7","71176.6","65135.2","67087.4","48
2024/04/13,"67083.5","67897.4","60833.3","63931.8","48
2024/04/14,"63933.1","65811.2","62093.2","65672.2","48
2024/04/15,"65675.2","66812.5","62263.7","63393.3","48
2024/04/16,"63398.9","64318.5","61586.4","63785.2","48
2024/04/17,"63785.2","64464.7","59652.8","61229.2","48
2024/04/18,"61229.2","64097.9","60791.2","63444.8","48
2024/04/19,"63432.7","65439.2","59588.9","63783.2","48
2024/04/20,"63779.7","65397.4","63056.0","64903.7","48
2024/04/21,"64901.0","65660.7","64184.9","64907.8","48
2024/04/22,"64907.9","67200.6","64484.1","66784.0","48
2024/04/23,"66782.5","67153.2","65799.3","66366.7","48
2024/04/24,"66369.5","67030.6","63544.4","64238.7","48
2024/04/25,"64238.7","65245.7","62743.7","64461.1","48
2024/04/26,"64460.4","64776.0","63294.0","63677.2","48
2024/04/27,"63683.5","63834.9","62325.8","63424.6","48
2024/04/28,"63424.6","64331.4","62763.1","63076.7","48
2024/04/29,"63078.4","64184.9","61761.3","63820.0","48
2024/04/30,"63831.1","64694.0","59072.7","60606.1","48
2024/05/01,"60606.0","60807.3","56512.3","58260.1","48
2024/05/02,"58303.0","59592.0","56917.6","59063.2","48
2024/05/03,"59064.1","63300.6","58795.5","62847.9","48
2024/05/04,"62849.1","64500.4","62500.7","63870.4","48
2024/05/05,"63871.5","64614.6","62902.0","64012.6","48
2024/05/06,"64013.5","65479.1","62692.1","63137.5","48
2024/05/07,"63137.5","64367.3","62245.3","62300.7","48
2024/05/08,"62299.4","62990.5","60851.4","61152.1","48
2024/05/09,"61152.1","63385.2","60610.0","63035.7","48
2024/05/10,"63035.7","63431.1","60180.1","60727.0","48
2024/05/11,"60726.4","61416.9","60394.1","60792.1","48
2024/05/12,"60792.0","61826.4","60595.1","61438.3","48
2024/05/13,"61438.3","63420.4","60738.6","62901.2","48
2024/05/14,"62892.5","63075.6","61086.9","61536.5","48
2024/05/15,"61534.1","66426.0","61296.7","66196.9","48
2024/05/16,"66196.9","66715.1","64573.0","65196.3","48
2024/05/17,"65196.3","67436.2","65082.2","66981.2","48
2024/05/18,"66981.2","67342.7","66558.9","66889.5","48
2024/05/19,"66889.3","67667.3","65869.5","66235.2","48
2024/05/20,"66235.2","71461.2","66048.5","71391.3","48
2024/05/21,"71392.4","71923.1","69131.8","70106.2","48
2024/05/22,"70106.1","70613.7","68902.6","69125.1","48
2024/05/23,"69116.5","70027.7","66261.2","67926.0","48
2024/05/24,"67922.5","69224.1","66588.3","68482.8","48
2024/05/25,"68480.4","69564.2","68422.3","69251.7","48
2024/05/26,"69252.1","69517.7","68065.3","68468.8","48
2024/05/27,"68462.5","70625.2","68212.3","69389.1","48
2024/05/28,"69365.2","69546.7","67211.2","68363.3","48
2024/05/29,"68359.6","68885.3","67071.5","67594.2","48
2024/05/30,"67600.8","69479.0","67093.0","68313.8","48
2024/05/31,"68317.6","68990.4","66611.1","67414.0","47
2024/06/01,"67408.6","67824.2","67309.9","67716.6","48
2024/06/02,"67717.7","68388.7","67256.0","67724.3","48
2024/06/03,"67726.3","70238.2","67571.1","68768.6","48
2024/06/04,"68768.6","71039.8","68526.0","70516.8","48
2024/06/05,"70516.8","71747.2","70346.9","71080.8","48
2024/06/06,"71082.2","71611.9","70085.3","70753.4","48
2024/06/07,"70757.2","71913.3","68400.0","69260.9","48
2024/06/08,"69261.6","69528.8","69132.8","69268.3","46
2024/06/09,"69268.0","69790.1","69108.1","69602.7","48
2024/06/10,"69602.8","70141.8","69137.5","69480.3","48
2024/06/11,"69481.8","69532.9","66047.2","67288.7","48
2024/06/12,"67288.7","69967.1","66863.2","68219.1","48
2024/06/13,"68219.1","68377.2","66229.2","66722.5","48
2024/06/14,"66721.1","67310.3","65034.4","65939.2","48
2024/06/15,"65939.2","66363.4","65749.0","66170.3","48
2024/06/16,"66171.4","66881.1","65991.2","66617.7","48
2024/06/17,"66617.7","67258.7","65074.7","66469.0","48
2024/06/18,"66467.3","66557.4","64019.1","65140.0","48
2024/06/19,"65140.9","65691.8","64651.7","64934.8","48
2024/06/20,"64930.5","66453.0","64519.7","64839.7","48
2024/06/21,"64834.6","65041.5","63350.7","64055.1","48
2024/06/22,"64055.1","64443.0","63844.9","64219.3","48
2024/06/23,"64219.1","64471.2","63135.0","63142.2","48
2024/06/24,"63142.2","63320.0","58444.2","60256.2","48
2024/06/25,"60256.2","62355.6","60211.2","61760.2","48
2024/06/26,"61761.5","62441.2","60656.1","60825.7","48
2024/06/27,"60825.7","62310.2","60546.9","61576.4","48
2024/06/28,"61603.3","62135.7","59884.4","60248.2","48
2024/06/29,"60247.2","61138.2","60208.7","60869.9","48
2024/06/30,"60870.2","62925.2","60617.0","62689.7","48
2024/07/01,"62689.7","63812.8","62454.2","62828.9","48
2024/07/02,"62824.7","63184.0","61710.1","62028.9","48
2024/07/03,"62028.9","62178.7","59369.3","60120.7","48
2024/07/04,"60120.7","60431.3","56733.1","57015.5","48
2024/07/05,"57015.5","57496.3","53509.2","56574.3","48
2024/07/06,"56569.4","58437.5","55958.2","58201.6","48
2024/07/07,"58202.4","58402.9","55697.3","55824.0","48
2024/07/08,"55824.0","58162.9","54261.5","56682.5","48
2024/07/09,"56682.5","58243.9","56264.3","58009.2","48
2024/07/10,"57997.2","59425.8","57128.9","57692.0","48
2024/07/11,"57692.0","59431.7","57029.0","57309.9","48
2024/07/12,"57310.4","58491.0","56519.2","57843.9","48
2024/07/13,"57843.5","59809.9","57705.8","59160.3","48
2024/07/14,"59159.4","61365.4","59147.7","60772.9","48
2024/07/15,"60771.4","64889.2","60636.1","64703.0","48
2024/07/16,"64715.3","65357.2","62388.6","65043.2","48
2024/07/17,"65043.2","66079.1","63834.2","64061.1","48
2024/07/18,"64061.0","65075.4","63200.0","63945.6","48
2024/07/19,"63945.6","67422.9","63273.9","66642.5","48
2024/07/20,"66645.3","67567.9","66209.9","67117.7","48
2024/07/21,"67118.0","68333.0","65785.5","68129.7","48
2024/07/22,"68129.7","68454.4","66547.2","67534.0","48
2024/07/23,"67532.9","67733.7","65422.2","65903.4","48
2024/07/24,"65902.2","67081.8","65086.1","65346.0","48
2024/07/25,"65339.8","66101.2","63425.4","65766.1","48
2024/07/26,"65763.4","68150.2","65684.2","67858.9","48
2024/07/27,"67856.3","69353.0","66587.3","67864.5","48
2024/07/28,"67866.5","68271.0","67032.0","68207.5","48
2024/07/29,"68207.3","69995.0","66415.2","66744.5","48
2024/07/30,"66744.5","66966.2","65282.5","66142.8","48
2024/07/31,"66141.2","66787.1","64492.9","64595.1","48
2024/08/01,"64596.2","65552.3","62216.2","65290.5","48
2024/08/02,"65290.5","65531.1","61090.9","61352.9","48
2024/08/03,"61352.9","62126.4","59806.9","60659.4","48
2024/08/04,"60658.8","61054.5","57145.4","58113.3","48
2024/08/05,"58113.3","58262.3","49049.7","53971.7","48
2024/08/06,"53971.7","57025.2","53929.3","56002.2","48
2024/08/07,"56002.2","57695.8","54526.3","55104.5","48
2024/08/08,"55105.6","62666.2","54719.9","61662.0","48
2024/08/09,"61662.0","61715.1","59528.7","60797.0","48
2024/08/10,"60799.6","61434.9","60191.9","60900.9","48
2024/08/11,"60901.1","61793.2","58251.5","58684.9","48
2024/08/12,"58683.8","60671.2","57638.7","59319.9","48
2024/08/13,"59319.9","61567.7","58400.5","60566.2","48
2024/08/14,"60569.3","61726.6","58428.6","58653.1","48
2024/08/15,"58654.9","59827.5","56108.9","57517.5","48
2024/08/16,"57517.5","59803.7","57066.6","58823.8","48
2024/08/17,"58824.2","59665.9","58738.3","59454.7","48
2024/08/18,"59457.3","60235.9","58396.3","58409.7","48
2024/08/19,"58409.1","59584.1","57796.2","59430.2","48
2024/08/20,"59428.5","61385.7","58560.4","58980.0","48
2024/08/21,"58976.5","61800.3","58766.2","61135.2","48
2024/08/22,"61134.7","61379.7","59748.0","60349.2","48
2024/08/23,"60349.2","64921.9","60320.5","64026.6","48
2024/08/24,"64026.5","64464.6","63512.9","64115.9","48
2024/08/25,"64115.9","64988.0","63754.9","64214.2","48
2024/08/26,"64215.9","64460.6","62786.1","62807.4","48
2024/08/27,"62807.1","63180.4","58008.0","59407.9","48
2024/08/28,"59407.9","60181.0","57832.1","59001.1","48
2024/08/29,"59001.2","61134.2","58701.2","59347.4","48
2024/08/30,"59345.1","59882.9","57721.2","59050.9","48
2024/08/31,"59052.5","59381.8","58676.4","58939.0","48
2024/09/01,"58938.2","59028.7","57171.2","57263.8","48
2024/09/02,"57265.0","59375.9","57094.2","59098.3","48
2024/09/03,"59104.7","59773.6","57380.6","57447.2","48
2024/09/04,"57448.5","58484.2","55607.3","57936.2","48
2024/09/05,"57937.1","58280.7","55623.2","56142.1","48
2024/09/06,"56142.1","56962.6","52466.6","53884.9","48
2024/09/07,"53889.8","54815.2","53668.0","54123.4","48
2024/09/08,"54125.5","55272.1","53596.3","54830.3","48
2024/09/09,"54829.4","58018.5","54554.9","57018.6","48
2024/09/10,"57019.6","58011.2","56375.2","57605.9","48
2024/09/11,"57609.5","57955.4","55526.9","57311.8","48
2024/09/12,"57312.0","58518.2","57300.9","58100.2","48
2024/09/13,"58098.8","60604.9","57601.5","60478.2","48
2024/09/14,"60478.2","60594.9","59383.5","59964.2","48
2024/09/15,"59964.4","60351.3","58665.7","59096.5","48
2024/09/16,"59096.5","59171.0","57476.2","58178.1","48
2024/09/17,"58178.1","61295.4","57588.2","60281.7","48
2024/09/18,"60281.6","61753.2","59148.4","61728.2","48
2024/09/19,"61730.6","63838.5","61549.5","62916.7","48
2024/09/20,"62916.7","64099.5","62325.6","63145.5","48
2024/09/21,"63145.8","63526.8","62690.6","63318.9","48
2024/09/22,"63321.3","63960.0","62354.4","63550.8","48
2024/09/23,"63546.8","64705.9","62576.9","63302.2","48
2024/09/24,"63301.2","64647.9","62696.3","64233.6","48
2024/09/25,"64235.5","64780.2","62913.2","63119.5","48
2024/09/26,"63119.5","65793.7","62636.7","65139.8","48
2024/09/27,"65139.3","66435.1","64801.7","65723.9","48
2024/09/28,"65723.2","66204.4","65394.3","65825.7","48
2024/09/29,"65826.8","66040.8","65393.1","65569.0","48
2024/09/30,"65570.7","65591.3","62828.1","63293.7","48
2024/10/01,"63293.7","64088.1","60154.0","60774.6","48
2024/10/02,"60771.1","62327.3","59966.2","60608.3","48
2024/10/03,"60604.2","61439.7","59826.5","60718.9","48
2024/10/04,"60718.2","62446.6","60428.6","62025.6","48
2024/10/05,"62025.6","62336.7","61621.2","62023.7","48
2024/10/06,"62024.5","62936.6","61772.9","62786.1","48
2024/10/07,"62786.1","64429.7","62095.9","62188.8","48
2024/10/08,"62188.8","63161.7","61819.5","62122.1","48
2024/10/09,"62122.1","62505.0","60271.5","60715.3","47
2024/10/10,"60457.0","61271.7","58902.6","60284.5","48
2024/10/11,"60284.5","63383.1","60054.6","62453.6","48
2024/10/12,"62455.9","63410.8","62401.9","63172.3","48
2024/10/13,"63172.2","63252.3","62013.7","62838.9","48
2024/10/14,"62838.9","66433.7","62421.2","66051.2","48
2024/10/15,"66051.2","67917.2","64769.3","67039.2","48
2024/10/16,"67039.2","68380.1","66717.7","67581.5","48
2024/10/17,"67581.5","67903.9","66637.2","67388.9","48
2024/10/18,"67388.9","68965.4","67153.5","68361.0","48
2024/10/19,"68361.0","68624.2","67977.9","68336.1","48
2024/10/20,"68336.5","69328.3","68065.6","68999.2","48
2024/10/21,"68999.2","69486.7","66812.3","67338.9","48
2024/10/22,"67338.9","67762.1","66537.4","67388.4","48
2024/10/23,"67388.4","67413.2","65120.1","66625.7","48
2024/10/24,"66635.2","68801.6","66424.3","68164.5","48
2024/10/25,"68164.5","68731.1","65436.5","66499.4","48
2024/10/26,"66499.4","67300.0","66268.1","67032.9","47
2024/10/27,"67032.9","68196.2","66855.0","67908.4","48
2024/10/28,"67909.1","70184.6","67501.2","69882.9","48
2024/10/29,"69889.3","73572.3","69678.8","72685.4","48
2024/10/30,"72686.0","72900.3","71370.8","72298.2","48
2024/10/31,"72298.2","72637.1","69569.2","70162.1","48
2024/11/01,"70163.7","71558.2","68750.7","69402.1","48
2024/11/02,"69402.0","69826.8","68986.5","69331.7","48
2024/11/03,"69331.3","69347.7","67435.9","68734.1","48
2024/11/04,"68734.1","69457.7","66793.7","67817.2","48
2024/11/05,"67817.2","70517.2","67438.6","69343.4","48
2024/11/06,"69343.4","76446.5","69258.8","75603.1","48
2024/11/07,"75603.2","76915.4","74423.8","75888.1","48
2024/11/08,"75890.2","77219.5","75563.4","76501.6","48
2024/11/09,"76501.6","76888.7","75695.5","76650.9","48
2024/11/10,"76658.2","81469.1","76479.9","80386.8","48
2024/11/11,"80386.8","89570.4","80191.8","88724.4","48
2024/11/12,"88705.6","89941.8","85072.3","88000.9","48
2024/11/13,"88001.4","93437.7","86279.4","90464.2","48
2024/11/14,"90463.7","91770.7","86658.7","87299.7","48
2024/11/15,"87299.7","91851.7","87084.2","90993.1","48
2024/11/16,"90993.2","91755.6","90065.2","90588.2","48
2024/11/17,"90605.2","91423.2","88658.3","89829.2","48
2024/11/18,"89831.2","92609.2","89360.2","90484.2","48
2024/11/19,"90484.2","94017.7","90380.7","92401.2","48
2024/11/20,"92401.7","94929.1","91587.2","94342.2","48
2024/11/21,"94345.0","99037.2","94074.2","98420.2","48
2024/11/22,"98420.2","99751.0","97213.7","98958.9","48
2024/11/23,"98959.2","98979.0","97206.7","97751.7","48
2024/11/24,"97750.2","98644.2","95773.2","97999.7","48
2024/11/25,"98000.7","98942.7","92567.0","92971.7","48
2024/11/26,"92972.2","94975.7","90697.7","91880.7","48
2024/11/27,"91881.5","97334.8","91718.2","95934.7","48
2024/11/28,"95935.2","96642.2","94650.7","95639.7","48
2024/11/29,"95640.7","98713.7","95380.7","97425.4","48
2024/11/30,"97425.4","97444.5","96100.2","96448.7","48
2024/12/01,"96447.7","97830.8","95735.7","97240.2","48
2024/12/02,"97239.2","98173.7","94386.2","95835.7","48
2024/12/03,"95831.7","96280.7","93567.7","95899.2","48